/*
SQLyog Ultimate v9.63 
MySQL - 5.1.33-community-log : Database - project
*********************************************************************
*/

/*!40101 SET NAMES utf8 */;

/*!40101 SET SQL_MODE=''*/;

/*!40014 SET @OLD_UNIQUE_CHECKS=@@UNIQUE_CHECKS, UNIQUE_CHECKS=0 */;
/*!40014 SET @OLD_FOREIGN_KEY_CHECKS=@@FOREIGN_KEY_CHECKS, FOREIGN_KEY_CHECKS=0 */;
/*!40101 SET @OLD_SQL_MODE=@@SQL_MODE, SQL_MODE='NO_AUTO_VALUE_ON_ZERO' */;
/*!40111 SET @OLD_SQL_NOTES=@@SQL_NOTES, SQL_NOTES=0 */;
CREATE DATABASE /*!32312 IF NOT EXISTS*/`project` /*!40100 DEFAULT CHARACTER SET latin1 */;

USE `project`;

/*Table structure for table `barang` */

DROP TABLE IF EXISTS `barang`;

CREATE TABLE `barang` (
  `id_barang` varchar(10) NOT NULL,
  `id_kategori` int(11) DEFAULT NULL,
  `nama_barang` varchar(50) DEFAULT NULL,
  `stok` int(11) DEFAULT NULL,
  `satuan` varchar(15) DEFAULT NULL,
  `harga_beli` int(11) DEFAULT NULL,
  `harga_jual` int(11) DEFAULT NULL,
  `foto` varchar(50) DEFAULT NULL,
  `safety_stock` int(11) DEFAULT '0',
  `order_quantity` int(11) DEFAULT '0',
  `lead_time` int(11) DEFAULT '1',
  PRIMARY KEY (`id_barang`),
  KEY `id_kategori` (`id_kategori`),
  KEY `id_satuan` (`satuan`),
  CONSTRAINT `barang_ibfk_1` FOREIGN KEY (`id_kategori`) REFERENCES `kategori` (`id_kategori`)
) ENGINE=InnoDB DEFAULT CHARSET=latin1;

/*Data for the table `barang` */

insert  into `barang`(`id_barang`,`id_kategori`,`nama_barang`,`stok`,`satuan`,`harga_beli`,`harga_jual`,`foto`,`safety_stock`,`order_quantity`,`lead_time`) values ('P0001',1,'Gypsum Aplus 9mmX1200X2400',733,'Lembar',3550,46500,'2693178810. papan Gypsum Aplus @.jpg',1267,4125,1),('P0002',1,'Casting Aplus @20Kg',700,'Sak',2350,30500,'4667352303. casting indal @.jpg',1174,5099,1),('P0003',2,'Cornice Adhesive @20Kg',105,'Sak',4250,54000,'321962705. cornie adhesive aplus @.jpg',795,2996,1);

/*Table structure for table `chat` */

DROP TABLE IF EXISTS `chat`;

CREATE TABLE `chat` (
  `id` int(11) NOT NULL AUTO_INCREMENT,
  `pengirim` varchar(50) DEFAULT NULL,
  `penerima` varchar(50) DEFAULT NULL,
  `isi_pesan` text,
  `tanggal_kirim` timestamp NULL DEFAULT CURRENT_TIMESTAMP,
  `tanggal_diterima` datetime DEFAULT NULL,
  PRIMARY KEY (`id`)
) ENGINE=InnoDB DEFAULT CHARSET=latin1;

/*Data for the table `chat` */

/*Table structure for table `detail_penjualan` */

DROP TABLE IF EXISTS `detail_penjualan`;

CREATE TABLE `detail_penjualan` (
  `id_detail_penjualan` int(11) NOT NULL AUTO_INCREMENT,
  `id_penjualan` varchar(15) DEFAULT NULL,
  `id_barang` varchar(10) DEFAULT NULL,
  `jumlah` int(11) DEFAULT NULL,
  `harga_jual` int(11) DEFAULT NULL,
  `subtotal` int(11) DEFAULT NULL,
  PRIMARY KEY (`id_detail_penjualan`),
  KEY `id_penjualan` (`id_penjualan`),
  KEY `id_barang` (`id_barang`),
  CONSTRAINT `detail_penjualan_ibfk_1` FOREIGN KEY (`id_penjualan`) REFERENCES `penjualan` (`id_penjualan`) ON DELETE NO ACTION ON UPDATE CASCADE,
  CONSTRAINT `detail_penjualan_ibfk_2` FOREIGN KEY (`id_barang`) REFERENCES `barang` (`id_barang`) ON DELETE NO ACTION ON UPDATE CASCADE
) ENGINE=InnoDB AUTO_INCREMENT=998 DEFAULT CHARSET=latin1;

/*Data for the table `detail_penjualan` */

insert  into `detail_penjualan`(`id_detail_penjualan`,`id_penjualan`,`id_barang`,`jumlah`,`harga_jual`,`subtotal`) values (1,'FJ-1301-0001','P0001',246,46500,10209000),(2,'FJ-1301-0001','P0002',365,30500,9672500),(3,'FJ-1301-0001','P0003',248,54000,13144000),(4,'FJ-1301-0002','P0001',550,46500,22825000),(5,'FJ-1301-0002','P0002',275,30500,7287500),(6,'FJ-1301-0002','P0003',135,54000,7155000),(7,'FJ-1301-0003','P0001',430,46500,17845000),(8,'FJ-1301-0003','P0002',357,30500,9460500),(9,'FJ-1301-0003','P0003',195,54000,10335000),(10,'FJ-1301-0004','P0001',357,46500,14815500),(11,'FJ-1301-0004','P0002',231,30500,6121500),(12,'FJ-1301-0004','P0003',237,54000,12561000),(13,'FJ-1301-0005','P0001',356,46500,14774000),(14,'FJ-1301-0005','P0002',512,30500,13568000),(15,'FJ-1301-0005','P0003',261,54000,13833000),(16,'FJ-1301-0006','P0001',533,46500,22119500),(17,'FJ-1301-0006','P0002',310,30500,8215000),(18,'FJ-1301-0006','P0003',198,54000,10494000),(19,'FJ-1301-0007','P0001',275,46500,11412500),(20,'FJ-1301-0007','P0002',295,30500,7817500),(21,'FJ-1301-0008','P0001',535,46500,22202500),(22,'FJ-1301-0008','P0002',264,30500,6996000),(23,'FJ-1301-0008','P0003',235,54000,12455000),(24,'FJ-1301-0009','P0001',357,46500,14815500),(25,'FJ-1301-0009','P0002',268,30500,7102000),(26,'FJ-1301-0009','P0003',215,54000,11395000),(27,'FJ-1301-0010','P0001',473,46500,19629500),(28,'FJ-1301-0010','P0002',264,30500,6996000),(29,'FJ-1301-0010','P0003',253,54000,13409000),(30,'FJ-1301-0011','P0001',253,46500,10499500),(31,'FJ-1301-0011','P0002',370,30500,9805000),(32,'FJ-1301-0011','P0003',204,54000,10812000),(33,'FJ-1301-0012','P0001',425,46500,17637500),(34,'FJ-1301-0012','P0002',435,30500,11527500),(35,'FJ-1301-0012','P0003',238,54000,12614000),(36,'FJ-1301-0013','P0001',535,46500,22202500),(37,'FJ-1301-0013','P0002',312,30500,8268000),(38,'FJ-1301-0013','P0003',169,54000,8957000),(39,'FJ-1301-0014','P0001',573,46500,23779500),(40,'FJ-1301-0014','P0002',305,30500,8082500),(41,'FJ-1301-0014','P0003',181,54000,9593000),(42,'FJ-1301-0015','P0001',363,46500,15064500),(43,'FJ-1301-0015','P0002',285,30500,7552500),(44,'FJ-1301-0016','P0001',247,46500,10250500),(45,'FJ-1301-0016','P0002',265,30500,7022500),(46,'FJ-1301-0017','P0001',425,46500,17637500),(47,'FJ-1301-0017','P0002',178,30500,4717000),(48,'FJ-1301-0017','P0003',383,54000,20299000),(49,'FJ-1301-0018','P0001',326,46500,13529000),(50,'FJ-1301-0018','P0003',320,54000,16960000),(51,'FJ-1301-0019','P0001',245,46500,10167500),(52,'FJ-1301-0019','P0003',312,54000,16536000),(53,'FJ-1301-0020','P0001',246,46500,10209000),(54,'FJ-1301-0020','P0002',536,30500,14204000),(55,'FJ-1301-0020','P0003',288,54000,15264000),(56,'FJ-1301-0021','P0001',538,46500,22327000),(57,'FJ-1301-0021','P0002',423,30500,11209500),(58,'FJ-1301-0021','P0003',192,54000,10176000),(59,'FJ-1301-0022','P0001',628,46500,26062000),(60,'FJ-1301-0022','P0002',356,30500,9434000),(61,'FJ-1301-0022','P0003',593,54000,31429000),(62,'FJ-1301-0023','P0001',324,46500,13446000),(63,'FJ-1301-0023','P0002',410,30500,10865000),(64,'FJ-1301-0023','P0003',587,54000,31111000),(65,'FJ-1301-0024','P0001',263,46500,10914500),(66,'FJ-1301-0024','P0002',324,30500,8586000),(67,'FJ-1301-0024','P0003',404,54000,21412000),(68,'FJ-1301-0025','P0001',326,46500,13529000),(69,'FJ-1301-0025','P0002',585,30500,15502500),(70,'FJ-1301-0025','P0003',365,54000,19345000),(71,'FJ-1302-0026','P0001',162,46500,6723000),(72,'FJ-1302-0026','P0002',250,30500,6625000),(73,'FJ-1302-0026','P0003',140,54000,7420000),(74,'FJ-1302-0027','P0001',213,46500,8839500),(75,'FJ-1302-0027','P0002',121,30500,3206500),(76,'FJ-1302-0027','P0003',263,54000,13939000),(77,'FJ-1302-0028','P0001',214,46500,8881000),(78,'FJ-1302-0028','P0002',136,30500,3604000),(79,'FJ-1302-0028','P0003',75,54000,3975000),(80,'FJ-1302-0029','P0001',214,46500,8881000),(81,'FJ-1302-0029','P0002',185,30500,4902500),(82,'FJ-1302-0029','P0003',155,54000,8215000),(83,'FJ-1302-0030','P0001',154,46500,6391000),(84,'FJ-1302-0030','P0002',193,30500,5114500),(85,'FJ-1302-0030','P0003',115,54000,6095000),(86,'FJ-1302-0031','P0001',235,46500,9752500),(87,'FJ-1302-0031','P0002',177,30500,4690500),(88,'FJ-1302-0031','P0003',143,54000,7579000),(89,'FJ-1302-0032','P0001',133,46500,5519500),(90,'FJ-1302-0032','P0002',104,30500,2756000),(91,'FJ-1302-0033','P0001',213,46500,8839500),(92,'FJ-1302-0034','P0001',213,46500,8839500),(93,'FJ-1302-0035','P0001',216,46500,8964000),(94,'FJ-1302-0036','P0001',143,46500,5934500),(95,'FJ-1302-0036','P0003',135,54000,7155000),(96,'FJ-1302-0037','P0001',123,46500,5104500),(97,'FJ-1302-0037','P0002',215,30500,5697500),(98,'FJ-1302-0037','P0003',215,54000,11395000),(99,'FJ-1302-0038','P0001',138,46500,5727000),(100,'FJ-1302-0038','P0002',234,30500,6201000),(101,'FJ-1302-0038','P0003',163,54000,8639000),(102,'FJ-1302-0039','P0001',236,46500,9794000),(103,'FJ-1302-0039','P0002',175,30500,4637500),(104,'FJ-1302-0039','P0003',453,54000,24009000),(105,'FJ-1302-0040','P0001',113,46500,4689500),(106,'FJ-1302-0040','P0002',187,30500,4955500),(107,'FJ-1302-0040','P0003',243,54000,12879000),(108,'FJ-1302-0041','P0001',153,46500,6349500),(109,'FJ-1302-0041','P0002',109,30500,2888500),(110,'FJ-1302-0041','P0003',175,54000,9275000),(111,'FJ-1302-0042','P0001',135,46500,5602500),(112,'FJ-1302-0042','P0002',154,30500,4081000),(113,'FJ-1302-0042','P0003',225,54000,11925000),(114,'FJ-1302-0043','P0001',242,46500,10043000),(115,'FJ-1302-0043','P0002',105,30500,2782500),(116,'FJ-1302-0043','P0003',50,54000,2650000),(117,'FJ-1302-0044','P0001',245,46500,10167500),(118,'FJ-1302-0044','P0002',120,30500,3180000),(119,'FJ-1302-0044','P0003',186,54000,9858000),(120,'FJ-1302-0045','P0001',156,46500,6474000),(121,'FJ-1302-0045','P0002',103,30500,2729500),(122,'FJ-1302-0046','P0001',257,46500,10665500),(123,'FJ-1302-0046','P0002',133,30500,3524500),(124,'FJ-1302-0047','P0001',152,46500,6308000),(125,'FJ-1302-0047','P0002',124,30500,3286000),(126,'FJ-1302-0048','P0001',153,46500,6349500),(127,'FJ-1302-0048','P0002',112,30500,2968000),(128,'FJ-1302-0048','P0003',326,54000,17278000),(129,'FJ-1302-0049','P0001',262,46500,10873000),(130,'FJ-1302-0049','P0002',183,30500,4849500),(131,'FJ-1302-0049','P0003',310,54000,16430000),(132,'FJ-1303-0050','P0001',126,46500,5229000),(133,'FJ-1303-0050','P0002',325,30500,8612500),(134,'FJ-1303-0050','P0003',262,54000,13886000),(135,'FJ-1303-0051','P0001',154,46500,6391000),(136,'FJ-1303-0051','P0002',265,30500,7022500),(137,'FJ-1303-0051','P0003',216,54000,11448000),(138,'FJ-1303-0052','P0001',117,46500,4855500),(139,'FJ-1303-0052','P0002',331,30500,8771500),(140,'FJ-1303-0052','P0003',295,54000,15635000),(141,'FJ-1303-0053','P0001',126,46500,5229000),(142,'FJ-1303-0053','P0002',182,30500,4823000),(143,'FJ-1303-0053','P0003',226,54000,11978000),(144,'FJ-1303-0054','P0001',97,46500,4025500),(145,'FJ-1303-0054','P0002',354,30500,9381000),(146,'FJ-1303-0054','P0003',143,54000,7579000),(147,'FJ-1303-0055','P0001',127,46500,5270500),(148,'FJ-1303-0055','P0002',554,30500,14681000),(149,'FJ-1303-0055','P0003',252,54000,13356000),(150,'FJ-1303-0056','P0001',87,46500,3610500),(151,'FJ-1303-0056','P0002',421,30500,11156500),(152,'FJ-1303-0056','P0003',275,54000,14575000),(153,'FJ-1303-0057','P0001',112,46500,4648000),(154,'FJ-1303-0057','P0002',635,30500,16827500),(155,'FJ-1303-0057','P0003',415,54000,21995000),(156,'FJ-1303-0058','P0001',142,46500,5893000),(157,'FJ-1303-0058','P0002',442,30500,11713000),(158,'FJ-1303-0058','P0003',251,54000,13303000),(159,'FJ-1303-0059','P0001',284,46500,11786000),(160,'FJ-1303-0059','P0002',430,30500,11395000),(161,'FJ-1303-0059','P0003',263,54000,13939000),(162,'FJ-1303-0060','P0001',135,46500,5602500),(163,'FJ-1303-0060','P0002',369,30500,9778500),(164,'FJ-1303-0060','P0003',145,54000,7685000),(165,'FJ-1303-0061','P0001',256,46500,10624000),(166,'FJ-1303-0061','P0002',315,30500,8347500),(167,'FJ-1303-0061','P0003',320,54000,16960000),(168,'FJ-1303-0062','P0001',264,46500,10956000),(169,'FJ-1303-0062','P0002',265,30500,7022500),(170,'FJ-1303-0062','P0003',240,54000,12720000),(171,'FJ-1303-0063','P0001',145,46500,6017500),(172,'FJ-1303-0063','P0002',353,30500,9354500),(173,'FJ-1303-0063','P0003',220,54000,11660000),(174,'FJ-1303-0064','P0001',353,46500,14649500),(175,'FJ-1303-0064','P0002',287,30500,7605500),(176,'FJ-1303-0064','P0003',375,54000,19875000),(177,'FJ-1303-0065','P0001',264,46500,10956000),(178,'FJ-1303-0065','P0002',450,30500,11925000),(179,'FJ-1303-0065','P0003',395,54000,20935000),(180,'FJ-1303-0066','P0001',265,46500,10997500),(181,'FJ-1303-0066','P0002',325,30500,8612500),(182,'FJ-1303-0066','P0003',263,54000,13939000),(183,'FJ-1303-0067','P0001',241,46500,10001500),(184,'FJ-1303-0067','P0002',456,30500,12084000),(185,'FJ-1303-0067','P0003',115,54000,6095000),(186,'FJ-1303-0068','P0001',245,46500,10167500),(187,'FJ-1303-0068','P0002',398,30500,10547000),(188,'FJ-1303-0068','P0003',286,54000,15158000),(189,'FJ-1303-0069','P0001',154,46500,6391000),(190,'FJ-1303-0069','P0002',241,30500,6386500),(191,'FJ-1303-0069','P0003',235,54000,12455000),(192,'FJ-1303-0070','P0001',185,46500,7677500),(193,'FJ-1303-0070','P0002',420,30500,11130000),(194,'FJ-1303-0070','P0003',156,54000,8268000),(195,'FJ-1303-0071','P0001',284,46500,11786000),(196,'FJ-1303-0071','P0002',369,30500,9778500),(197,'FJ-1303-0071','P0003',354,54000,18762000),(198,'FJ-1303-0072','P0001',173,46500,7179500),(199,'FJ-1303-0072','P0002',235,30500,6227500),(200,'FJ-1303-0072','P0003',353,54000,18709000),(201,'FJ-1303-0073','P0001',275,46500,11412500),(202,'FJ-1303-0073','P0002',291,30500,7711500),(203,'FJ-1303-0073','P0003',256,54000,13568000),(204,'FJ-1304-0074','P0001',244,46500,10126000),(205,'FJ-1304-0074','P0002',211,30500,5591500),(206,'FJ-1304-0074','P0003',182,54000,9646000),(207,'FJ-1304-0075','P0001',158,46500,6557000),(208,'FJ-1304-0075','P0002',193,30500,5114500),(209,'FJ-1304-0075','P0003',263,54000,13939000),(210,'FJ-1304-0076','P0001',268,46500,11122000),(211,'FJ-1304-0076','P0002',232,30500,6148000),(212,'FJ-1304-0076','P0003',663,54000,35139000),(213,'FJ-1304-0077','P0001',136,46500,5644000),(214,'FJ-1304-0077','P0002',240,30500,6360000),(215,'FJ-1304-0077','P0003',285,54000,15105000),(216,'FJ-1304-0078','P0001',178,46500,7387000),(217,'FJ-1304-0078','P0002',323,30500,8559500),(218,'FJ-1304-0078','P0003',185,54000,9805000),(219,'FJ-1304-0079','P0001',235,46500,9752500),(220,'FJ-1304-0079','P0002',163,30500,4319500),(221,'FJ-1304-0080','P0001',257,46500,10665500),(222,'FJ-1304-0080','P0002',153,30500,4054500),(223,'FJ-1304-0080','P0003',265,54000,14045000),(224,'FJ-1304-0081','P0001',156,46500,6474000),(225,'FJ-1304-0081','P0002',236,30500,6254000),(226,'FJ-1304-0081','P0003',212,54000,11236000),(227,'FJ-1304-0082','P0001',257,46500,10665500),(228,'FJ-1304-0082','P0002',230,30500,6095000),(229,'FJ-1304-0082','P0003',295,54000,15635000),(230,'FJ-1304-0083','P0001',257,46500,10665500),(231,'FJ-1304-0083','P0002',270,30500,7155000),(232,'FJ-1304-0083','P0003',197,54000,10441000),(233,'FJ-1304-0084','P0001',159,46500,6598500),(234,'FJ-1304-0084','P0002',135,30500,3577500),(235,'FJ-1304-0084','P0003',243,54000,12879000),(236,'FJ-1304-0085','P0001',346,46500,14359000),(237,'FJ-1304-0085','P0002',121,30500,3206500),(238,'FJ-1304-0085','P0003',167,54000,8851000),(239,'FJ-1304-0086','P0001',240,46500,9960000),(240,'FJ-1304-0086','P0002',190,30500,5035000),(241,'FJ-1304-0086','P0003',196,54000,10388000),(242,'FJ-1304-0087','P0001',362,46500,15023000),(243,'FJ-1304-0087','P0002',210,30500,5565000),(244,'FJ-1304-0087','P0003',150,54000,7950000),(245,'FJ-1304-0088','P0001',247,46500,10250500),(246,'FJ-1304-0088','P0002',154,30500,4081000),(247,'FJ-1304-0089','P0001',258,46500,10707000),(248,'FJ-1304-0089','P0002',350,30500,9275000),(249,'FJ-1304-0090','P0001',267,46500,11080500),(250,'FJ-1304-0090','P0002',180,30500,4770000),(251,'FJ-1304-0090','P0003',153,54000,8109000),(252,'FJ-1304-0091','P0001',249,46500,10333500),(253,'FJ-1304-0091','P0002',263,30500,6969500),(254,'FJ-1304-0091','P0003',128,54000,6784000),(255,'FJ-1304-0092','P0001',229,46500,9503500),(256,'FJ-1304-0092','P0002',204,30500,5406000),(257,'FJ-1304-0092','P0003',253,54000,13409000),(258,'FJ-1304-0093','P0001',240,46500,9960000),(259,'FJ-1304-0093','P0002',193,30500,5114500),(260,'FJ-1304-0093','P0003',213,54000,11289000),(261,'FJ-1304-0094','P0001',166,46500,6889000),(262,'FJ-1304-0094','P0002',221,30500,5856500),(263,'FJ-1304-0094','P0003',190,54000,10070000),(264,'FJ-1304-0095','P0001',150,46500,6225000),(265,'FJ-1304-0095','P0002',312,30500,8268000),(266,'FJ-1304-0095','P0003',133,54000,7049000),(267,'FJ-1304-0096','P0001',266,46500,11039000),(268,'FJ-1304-0096','P0002',193,30500,5114500),(269,'FJ-1304-0096','P0003',80,54000,4240000),(270,'FJ-1304-0097','P0001',284,46500,11786000),(271,'FJ-1304-0097','P0002',133,30500,3524500),(272,'FJ-1304-0098','P0001',167,46500,6930500),(273,'FJ-1304-0098','P0002',177,30500,4690500),(274,'FJ-1304-0098','P0003',167,54000,8851000),(275,'FJ-1304-0099','P0001',177,46500,7345500),(276,'FJ-1304-0099','P0002',217,30500,5750500),(277,'FJ-1304-0099','P0003',132,54000,6996000),(278,'FJ-1305-0100','P0001',414,46500,17181000),(279,'FJ-1305-0100','P0002',446,30500,11819000),(280,'FJ-1305-0100','P0003',271,54000,14363000),(281,'FJ-1305-0101','P0001',356,46500,14774000),(282,'FJ-1305-0101','P0002',354,30500,9381000),(283,'FJ-1305-0101','P0003',265,54000,14045000),(284,'FJ-1305-0102','P0001',313,46500,12989500),(285,'FJ-1305-0102','P0002',513,30500,13594500),(286,'FJ-1305-0102','P0003',350,54000,18550000),(287,'FJ-1305-0103','P0001',476,46500,19754000),(288,'FJ-1305-0103','P0002',415,30500,10997500),(289,'FJ-1305-0103','P0003',243,54000,12879000),(290,'FJ-1305-0104','P0001',314,46500,13031000),(291,'FJ-1305-0104','P0002',467,30500,12375500),(292,'FJ-1305-0104','P0003',175,54000,9275000),(293,'FJ-1305-0105','P0001',642,46500,26643000),(294,'FJ-1305-0105','P0002',302,30500,8003000),(295,'FJ-1305-0105','P0003',246,54000,13038000),(296,'FJ-1305-0106','P0001',574,46500,23821000),(297,'FJ-1305-0106','P0002',462,30500,12243000),(298,'FJ-1305-0106','P0003',154,54000,8162000),(299,'FJ-1305-0107','P0001',414,46500,17181000),(300,'FJ-1305-0107','P0002',435,30500,11527500),(301,'FJ-1305-0107','P0003',465,54000,24645000),(302,'FJ-1305-0108','P0001',586,46500,24319000),(303,'FJ-1305-0108','P0002',375,30500,9937500),(304,'FJ-1305-0108','P0003',453,54000,24009000),(305,'FJ-1305-0109','P0001',687,46500,28510500),(306,'FJ-1305-0109','P0002',325,30500,8612500),(307,'FJ-1305-0109','P0003',240,54000,12720000),(308,'FJ-1305-0110','P0001',586,46500,24319000),(309,'FJ-1305-0110','P0002',511,30500,13541500),(310,'FJ-1305-0110','P0003',263,54000,13939000),(311,'FJ-1305-0111','P0001',366,46500,15189000),(312,'FJ-1305-0111','P0002',360,30500,9540000),(313,'FJ-1305-0111','P0003',156,54000,8268000),(314,'FJ-1305-0112','P0001',586,46500,24319000),(315,'FJ-1305-0112','P0002',421,30500,11156500),(316,'FJ-1305-0112','P0003',245,54000,12985000),(317,'FJ-1305-0113','P0001',324,46500,13446000),(318,'FJ-1305-0113','P0002',655,30500,17357500),(319,'FJ-1305-0113','P0003',269,54000,14257000),(320,'FJ-1305-0114','P0001',424,46500,17596000),(321,'FJ-1305-0114','P0002',422,30500,11183000),(322,'FJ-1305-0114','P0003',156,54000,8268000),(323,'FJ-1305-0115','P0001',354,46500,14691000),(324,'FJ-1305-0115','P0002',354,30500,9381000),(325,'FJ-1305-0115','P0003',174,54000,9222000),(326,'FJ-1305-0116','P0001',464,46500,19256000),(327,'FJ-1305-0116','P0002',684,30500,18126000),(328,'FJ-1305-0116','P0003',236,54000,12508000),(329,'FJ-1305-0117','P0001',145,46500,6017500),(330,'FJ-1305-0117','P0002',365,30500,9672500),(331,'FJ-1305-0117','P0003',290,54000,15370000),(332,'FJ-1305-0118','P0001',346,46500,14359000),(333,'FJ-1305-0118','P0002',533,30500,14124500),(334,'FJ-1305-0118','P0003',253,54000,13409000),(335,'FJ-1305-0119','P0001',364,46500,15106000),(336,'FJ-1305-0119','P0002',452,30500,11978000),(337,'FJ-1305-0119','P0003',153,54000,8109000),(338,'FJ-1305-0120','P0001',575,46500,23862500),(339,'FJ-1305-0120','P0002',477,30500,12640500),(340,'FJ-1305-0120','P0003',310,54000,16430000),(341,'FJ-1305-0121','P0001',325,46500,13487500),(342,'FJ-1305-0121','P0002',265,30500,7022500),(343,'FJ-1305-0121','P0003',263,54000,13939000),(344,'FJ-1305-0122','P0001',352,46500,14608000),(345,'FJ-1305-0122','P0002',411,30500,10891500),(346,'FJ-1305-0122','P0003',349,54000,18497000),(347,'FJ-1305-0123','P0001',355,46500,14732500),(348,'FJ-1305-0123','P0002',365,30500,9672500),(349,'FJ-1305-0123','P0003',256,54000,13568000),(350,'FJ-1305-0124','P0001',245,46500,10167500),(351,'FJ-1305-0124','P0002',658,30500,17437000),(352,'FJ-1305-0124','P0003',651,54000,34503000),(353,'FJ-1305-0125','P0001',264,46500,10956000),(354,'FJ-1305-0125','P0002',563,30500,14919500),(355,'FJ-1305-0125','P0003',236,54000,12508000),(356,'FJ-1305-0126','P0001',145,46500,6017500),(357,'FJ-1305-0126','P0002',427,30500,11315500),(358,'FJ-1305-0126','P0003',210,54000,11130000),(359,'FJ-1306-0127','P0001',314,46500,13031000),(360,'FJ-1306-0127','P0002',537,30500,14230500),(361,'FJ-1306-0127','P0003',357,54000,18921000),(362,'FJ-1306-0128','P0001',214,46500,8881000),(363,'FJ-1306-0128','P0002',435,30500,11527500),(364,'FJ-1306-0128','P0003',453,54000,24009000),(365,'FJ-1306-0129','P0001',245,46500,10167500),(366,'FJ-1306-0129','P0002',475,30500,12587500),(367,'FJ-1306-0129','P0003',258,54000,13674000),(368,'FJ-1306-0130','P0001',136,46500,5644000),(369,'FJ-1306-0130','P0002',651,30500,17251500),(370,'FJ-1306-0130','P0003',365,54000,19345000),(371,'FJ-1306-0131','P0001',314,46500,13031000),(372,'FJ-1306-0131','P0002',356,30500,9434000),(373,'FJ-1306-0131','P0003',246,54000,13038000),(374,'FJ-1306-0132','P0001',245,46500,10167500),(375,'FJ-1306-0132','P0002',452,30500,11978000),(376,'FJ-1306-0132','P0003',395,54000,20935000),(377,'FJ-1306-0133','P0001',135,46500,5602500),(378,'FJ-1306-0133','P0002',128,30500,3392000),(379,'FJ-1306-0133','P0003',213,54000,11289000),(380,'FJ-1306-0134','P0001',245,46500,10167500),(381,'FJ-1306-0134','P0002',523,30500,13859500),(382,'FJ-1306-0134','P0003',245,54000,12985000),(383,'FJ-1306-0135','P0001',347,46500,14400500),(384,'FJ-1306-0135','P0002',456,30500,12084000),(385,'FJ-1306-0135','P0003',264,54000,13992000),(386,'FJ-1306-0136','P0001',227,46500,9420500),(387,'FJ-1306-0136','P0002',424,30500,11236000),(388,'FJ-1306-0136','P0003',354,54000,18762000),(389,'FJ-1306-0137','P0001',645,46500,26767500),(390,'FJ-1306-0137','P0002',542,30500,14363000),(391,'FJ-1306-0137','P0003',489,54000,25917000),(392,'FJ-1306-0138','P0001',346,46500,14359000),(393,'FJ-1306-0138','P0002',612,30500,16218000),(394,'FJ-1306-0138','P0003',363,54000,19239000),(395,'FJ-1306-0139','P0001',535,46500,22202500),(396,'FJ-1306-0139','P0002',652,30500,17278000),(397,'FJ-1306-0139','P0003',424,54000,22472000),(398,'FJ-1306-0140','P0001',463,46500,19214500),(399,'FJ-1306-0140','P0002',535,30500,14177500),(400,'FJ-1306-0140','P0003',356,54000,18868000),(401,'FJ-1306-0141','P0001',633,46500,26269500),(402,'FJ-1306-0141','P0002',512,30500,13568000),(403,'FJ-1306-0141','P0003',269,54000,14257000),(404,'FJ-1306-0142','P0001',357,46500,14815500),(405,'FJ-1306-0142','P0002',652,30500,17278000),(406,'FJ-1306-0142','P0003',334,54000,17702000),(407,'FJ-1306-0143','P0001',425,46500,17637500),(408,'FJ-1306-0143','P0002',455,30500,12057500),(409,'FJ-1306-0143','P0003',293,54000,15529000),(410,'FJ-1306-0144','P0001',624,46500,25896000),(411,'FJ-1306-0144','P0002',852,30500,22578000),(412,'FJ-1306-0144','P0003',237,54000,12561000),(413,'FJ-1306-0145','P0001',636,46500,26394000),(414,'FJ-1306-0145','P0002',507,30500,13435500),(415,'FJ-1306-0145','P0003',385,54000,20405000),(416,'FJ-1306-0146','P0001',426,46500,17679000),(417,'FJ-1306-0146','P0002',635,30500,16827500),(418,'FJ-1306-0146','P0003',360,54000,19080000),(419,'FJ-1306-0147','P0001',526,46500,21829000),(420,'FJ-1306-0147','P0002',452,30500,11978000),(421,'FJ-1306-0147','P0003',490,54000,25970000),(422,'FJ-1306-0148','P0001',736,46500,30544000),(423,'FJ-1306-0148','P0002',856,30500,22684000),(424,'FJ-1306-0148','P0003',565,54000,29945000),(425,'FJ-1306-0149','P0001',425,46500,17637500),(426,'FJ-1306-0149','P0002',671,30500,17781500),(427,'FJ-1306-0149','P0003',395,54000,20935000),(428,'FJ-1306-0150','P0001',257,46500,10665500),(429,'FJ-1306-0150','P0002',530,30500,14045000),(430,'FJ-1306-0150','P0003',465,54000,24645000),(431,'FJ-1307-0151','P0001',524,46500,21746000),(432,'FJ-1307-0151','P0002',450,30500,11925000),(433,'FJ-1307-0151','P0003',301,54000,15953000),(434,'FJ-1307-0152','P0001',624,46500,25896000),(435,'FJ-1307-0152','P0002',512,30500,13568000),(436,'FJ-1307-0152','P0003',263,54000,13939000),(437,'FJ-1307-0153','P0001',524,46500,21746000),(438,'FJ-1307-0153','P0002',575,30500,15237500),(439,'FJ-1307-0153','P0003',327,54000,17331000),(440,'FJ-1307-0154','P0001',467,46500,19380500),(441,'FJ-1307-0154','P0002',435,30500,11527500),(442,'FJ-1307-0154','P0003',295,54000,15635000),(443,'FJ-1307-0155','P0001',524,46500,21746000),(444,'FJ-1307-0155','P0002',562,30500,14893000),(445,'FJ-1307-0155','P0003',260,54000,13780000),(446,'FJ-1307-0156','P0001',247,46500,10250500),(447,'FJ-1307-0156','P0002',750,30500,19875000),(448,'FJ-1307-0156','P0003',165,54000,8745000),(449,'FJ-1307-0157','P0001',424,46500,17596000),(450,'FJ-1307-0157','P0002',416,30500,11024000),(451,'FJ-1307-0157','P0003',184,54000,9752000),(452,'FJ-1307-0158','P0001',425,46500,17637500),(453,'FJ-1307-0158','P0002',537,30500,14230500),(454,'FJ-1307-0159','P0001',522,46500,21663000),(455,'FJ-1307-0159','P0002',560,30500,14840000),(456,'FJ-1307-0159','P0003',369,54000,19557000),(457,'FJ-1307-0160','P0001',525,46500,21787500),(458,'FJ-1307-0160','P0002',436,30500,11554000),(459,'FJ-1307-0160','P0003',262,54000,13886000),(460,'FJ-1307-0161','P0001',532,46500,22078000),(461,'FJ-1307-0161','P0002',352,30500,9328000),(462,'FJ-1307-0161','P0003',266,54000,14098000),(463,'FJ-1307-0162','P0001',735,46500,30502500),(464,'FJ-1307-0162','P0002',531,30500,22036500),(465,'FJ-1307-0162','P0003',215,54000,11395000),(466,'FJ-1307-0163','P0001',536,46500,22244000),(467,'FJ-1307-0163','P0002',453,30500,12004500),(468,'FJ-1307-0163','P0003',126,54000,6678000),(469,'FJ-1307-0164','P0001',422,46500,17513000),(470,'FJ-1307-0164','P0002',456,30500,12084000),(471,'FJ-1307-0164','P0003',257,54000,13621000),(472,'FJ-1307-0165','P0001',647,46500,26850500),(473,'FJ-1307-0165','P0002',563,30500,14919500),(474,'FJ-1307-0165','P0003',295,54000,15635000),(475,'FJ-1307-0166','P0001',525,46500,21787500),(476,'FJ-1307-0166','P0002',413,30500,10944500),(477,'FJ-1307-0166','P0003',244,54000,12932000),(478,'FJ-1307-0167','P0001',325,46500,13487500),(479,'FJ-1307-0167','P0002',451,30500,11951500),(480,'FJ-1307-0167','P0003',298,54000,15794000),(481,'FJ-1307-0168','P0001',526,46500,21829000),(482,'FJ-1307-0168','P0002',365,30500,9672500),(483,'FJ-1307-0168','P0003',351,54000,18603000),(484,'FJ-1307-0169','P0001',625,46500,25937500),(485,'FJ-1307-0169','P0002',415,30500,10997500),(486,'FJ-1307-0169','P0003',207,54000,15741000),(487,'FJ-1307-0170','P0001',646,46500,26809000),(488,'FJ-1307-0170','P0002',265,30500,7022500),(489,'FJ-1307-0170','P0003',175,54000,19027000),(490,'FJ-1307-0171','P0001',426,46500,17679000),(491,'FJ-1307-0171','P0002',235,30500,6227500),(492,'FJ-1307-0171','P0003',183,54000,19292000),(493,'FJ-1307-0172','P0001',625,46500,25937500),(494,'FJ-1307-0172','P0002',431,30500,11421500),(495,'FJ-1307-0172','P0003',153,54000,17119000),(496,'FJ-1307-0173','P0001',255,46500,10582500),(497,'FJ-1307-0173','P0002',256,30500,6784000),(498,'FJ-1307-0173','P0003',140,54000,17384000),(499,'FJ-1307-0174','P0001',326,46500,13529000),(500,'FJ-1307-0174','P0002',458,30500,12137000),(501,'FJ-1307-0174','P0003',115,54000,24539000),(502,'FJ-1307-0175','P0001',625,46500,25937500),(503,'FJ-1307-0175','P0002',213,30500,10944500),(504,'FJ-1307-0175','P0003',230,54000,27348000),(505,'FJ-1307-0176','P0001',524,46500,21746000),(506,'FJ-1307-0176','P0002',235,30500,10467500),(507,'FJ-1307-0176','P0003',219,54000,23320000),(508,'FJ-1307-0177','P0001',625,46500,25937500),(509,'FJ-1307-0177','P0002',209,30500,12163500),(510,'FJ-1307-0177','P0003',195,54000,29945000),(511,'FJ-1308-0178','P0001',524,46500,21746000),(512,'FJ-1308-0178','P0002',165,30500,9328000),(513,'FJ-1308-0178','P0003',170,54000,9010000),(514,'FJ-1308-0179','P0001',624,46500,25896000),(515,'FJ-1308-0179','P0002',217,30500,8400500),(516,'FJ-1308-0179','P0003',195,54000,10335000),(517,'FJ-1308-0180','P0001',524,46500,21746000),(518,'FJ-1308-0180','P0002',205,30500,9275000),(519,'FJ-1308-0180','P0003',135,54000,4346000),(520,'FJ-1308-0181','P0001',252,46500,10458000),(521,'FJ-1308-0181','P0002',341,30500,9036500),(522,'FJ-1308-0182','P0001',425,46500,17637500),(523,'FJ-1308-0182','P0002',275,30500,7287500),(524,'FJ-1308-0183','P0001',247,46500,10250500),(525,'FJ-1308-0183','P0002',232,30500,6148000),(526,'FJ-1308-0184','P0001',246,46500,10209000),(527,'FJ-1308-0184','P0002',307,30500,10997500),(528,'FJ-1308-0185','P0001',435,46500,18052500),(529,'FJ-1308-0185','P0002',362,30500,9593000),(530,'FJ-1308-0185','P0003',156,54000,8268000),(531,'FJ-1308-0186','P0001',322,46500,13363000),(532,'FJ-1308-0186','P0002',425,30500,11262500),(533,'FJ-1308-0186','P0003',163,54000,8639000),(534,'FJ-1308-0187','P0001',524,46500,21746000),(535,'FJ-1308-0187','P0002',241,30500,6386500),(536,'FJ-1308-0187','P0003',347,54000,18391000),(537,'FJ-1308-0188','P0001',735,46500,30502500),(538,'FJ-1308-0188','P0002',375,30500,9937500),(539,'FJ-1308-0188','P0003',173,54000,9169000),(540,'FJ-1308-0189','P0001',246,46500,10209000),(541,'FJ-1308-0189','P0002',403,30500,10679500),(542,'FJ-1308-0189','P0003',160,54000,8480000),(543,'FJ-1308-0190','P0001',425,46500,17637500),(544,'FJ-1308-0190','P0002',365,30500,9672500),(545,'FJ-1308-0190','P0003',542,54000,28726000),(546,'FJ-1308-0191','P0001',524,46500,21746000),(547,'FJ-1308-0191','P0002',342,30500,9063000),(548,'FJ-1308-0191','P0003',356,54000,18868000),(549,'FJ-1308-0192','P0001',314,46500,13031000),(550,'FJ-1308-0192','P0002',423,30500,11209500),(551,'FJ-1308-0192','P0003',320,54000,16960000),(552,'FJ-1308-0193','P0001',524,46500,21746000),(553,'FJ-1308-0193','P0002',395,30500,10467500),(554,'FJ-1308-0193','P0003',359,54000,19027000),(555,'FJ-1308-0194','P0001',643,46500,26684500),(556,'FJ-1308-0194','P0002',405,30500,10732500),(557,'FJ-1308-0194','P0003',267,54000,14151000),(558,'FJ-1308-0195','P0001',536,46500,22244000),(559,'FJ-1308-0195','P0002',329,30500,8718500),(560,'FJ-1308-0195','P0003',375,54000,19875000),(561,'FJ-1308-0196','P0001',532,46500,22078000),(562,'FJ-1308-0196','P0002',355,30500,9407500),(563,'FJ-1308-0196','P0003',285,54000,15105000),(564,'FJ-1309-0197','P0001',523,46500,21704500),(565,'FJ-1309-0197','P0002',332,30500,8798000),(566,'FJ-1309-0197','P0003',263,54000,13939000),(567,'FJ-1309-0198','P0001',524,46500,21746000),(568,'FJ-1309-0198','P0002',216,30500,5724000),(569,'FJ-1309-0198','P0003',375,54000,19875000),(570,'FJ-1309-0199','P0001',625,46500,25937500),(571,'FJ-1309-0199','P0002',375,30500,9937500),(572,'FJ-1309-0199','P0003',235,54000,12455000),(573,'FJ-1309-0200','P0001',244,46500,10126000),(574,'FJ-1309-0200','P0002',463,30500,12269500),(575,'FJ-1309-0200','P0003',365,54000,19345000),(576,'FJ-1309-0201','P0001',314,46500,13031000),(577,'FJ-1309-0201','P0002',352,30500,9328000),(578,'FJ-1309-0201','P0003',395,54000,20935000),(579,'FJ-1309-0202','P0001',524,46500,21746000),(580,'FJ-1309-0202','P0002',225,30500,5962500),(581,'FJ-1309-0202','P0003',246,54000,13038000),(582,'FJ-1309-0203','P0001',321,46500,13321500),(583,'FJ-1309-0203','P0002',362,30500,9593000),(584,'FJ-1309-0203','P0003',356,54000,18868000),(585,'FJ-1309-0204','P0001',356,46500,14774000),(586,'FJ-1309-0204','P0002',375,30500,9937500),(587,'FJ-1309-0204','P0003',498,54000,26394000),(588,'FJ-1309-0205','P0001',424,46500,17596000),(589,'FJ-1309-0205','P0002',451,30500,11951500),(590,'FJ-1309-0205','P0003',589,54000,31217000),(591,'FJ-1309-0206','P0001',578,46500,23987000),(592,'FJ-1309-0206','P0002',262,30500,6943000),(593,'FJ-1309-0206','P0003',363,54000,19239000),(594,'FJ-1309-0207','P0001',424,46500,17596000),(595,'FJ-1309-0207','P0002',320,30500,8480000),(596,'FJ-1309-0207','P0003',214,54000,11342000),(597,'FJ-1309-0208','P0001',324,46500,13446000),(598,'FJ-1309-0208','P0002',325,30500,17225000),(599,'FJ-1309-0208','P0003',568,54000,30104000),(600,'FJ-1309-0209','P0001',246,46500,10209000),(601,'FJ-1309-0209','P0002',352,30500,9328000),(602,'FJ-1309-0209','P0003',265,54000,14045000),(603,'FJ-1309-0210','P0001',524,46500,21746000),(604,'FJ-1309-0210','P0002',256,30500,6784000),(605,'FJ-1309-0210','P0003',239,54000,12667000),(606,'FJ-1309-0211','P0001',213,46500,8839500),(607,'FJ-1309-0211','P0002',360,30500,9540000),(608,'FJ-1309-0211','P0003',397,54000,21041000),(609,'FJ-1309-0212','P0001',357,46500,14815500),(610,'FJ-1309-0212','P0002',354,30500,9381000),(611,'FJ-1309-0212','P0003',468,54000,24804000),(612,'FJ-1309-0213','P0001',357,46500,14815500),(613,'FJ-1309-0213','P0002',225,30500,5962500),(614,'FJ-1309-0213','P0003',293,54000,15529000),(615,'FJ-1309-0214','P0001',535,46500,22202500),(616,'FJ-1309-0214','P0002',421,30500,11156500),(617,'FJ-1309-0214','P0003',293,54000,15529000),(618,'FJ-1309-0215','P0001',653,46500,27099500),(619,'FJ-1309-0215','P0002',356,30500,9434000),(620,'FJ-1309-0215','P0003',296,54000,15688000),(621,'FJ-1309-0216','P0001',424,46500,17596000),(622,'FJ-1309-0216','P0002',252,30500,6678000),(623,'FJ-1309-0216','P0003',259,54000,13727000),(624,'FJ-1309-0217','P0001',252,46500,10458000),(625,'FJ-1309-0217','P0002',246,30500,6519000),(626,'FJ-1309-0217','P0003',364,54000,19292000),(627,'FJ-1309-0218','P0001',536,46500,22244000),(628,'FJ-1309-0218','P0002',419,30500,11103500),(629,'FJ-1309-0218','P0003',293,54000,15529000),(630,'FJ-1309-0219','P0001',324,46500,13446000),(631,'FJ-1309-0219','P0002',356,30500,9434000),(632,'FJ-1309-0219','P0003',265,54000,14045000),(633,'FJ-1309-0220','P0001',214,46500,8881000),(634,'FJ-1309-0220','P0002',315,30500,8347500),(635,'FJ-1309-0220','P0003',236,54000,12508000),(636,'FJ-1309-0221','P0001',625,46500,25937500),(637,'FJ-1309-0221','P0002',345,30500,9142500),(638,'FJ-1309-0221','P0003',256,54000,13568000),(639,'FJ-1310-0222','P0001',413,46500,17139500),(640,'FJ-1310-0222','P0002',405,30500,10732500),(641,'FJ-1310-0222','P0003',251,54000,13303000),(642,'FJ-1310-0223','P0001',314,46500,13031000),(643,'FJ-1310-0223','P0002',430,30500,11395000),(644,'FJ-1310-0223','P0003',275,54000,14575000),(645,'FJ-1310-0224','P0001',135,46500,5602500),(646,'FJ-1310-0224','P0002',356,30500,9434000),(647,'FJ-1310-0224','P0003',216,54000,11448000),(648,'FJ-1310-0225','P0001',175,46500,7262500),(649,'FJ-1310-0225','P0002',531,30500,14071500),(650,'FJ-1310-0225','P0003',154,54000,8162000),(651,'FJ-1310-0226','P0001',524,46500,21746000),(652,'FJ-1310-0226','P0002',386,30500,10229000),(653,'FJ-1310-0226','P0003',165,54000,8745000),(654,'FJ-1310-0227','P0001',524,46500,21746000),(655,'FJ-1310-0227','P0002',422,30500,11183000),(656,'FJ-1310-0227','P0003',165,54000,8745000),(657,'FJ-1310-0228','P0001',235,46500,9752500),(658,'FJ-1310-0228','P0002',416,30500,11024000),(659,'FJ-1310-0228','P0003',175,54000,9275000),(660,'FJ-1310-0229','P0001',424,46500,17596000),(661,'FJ-1310-0229','P0002',414,30500,10971000),(662,'FJ-1310-0229','P0003',182,54000,9646000),(663,'FJ-1310-0230','P0001',314,46500,13031000),(664,'FJ-1310-0230','P0002',343,30500,9089500),(665,'FJ-1310-0230','P0003',115,54000,6095000),(666,'FJ-1310-0231','P0001',424,46500,17596000),(667,'FJ-1310-0231','P0002',441,30500,11686500),(668,'FJ-1310-0231','P0003',260,54000,13780000),(669,'FJ-1310-0232','P0001',134,46500,5561000),(670,'FJ-1310-0232','P0002',320,30500,8480000),(671,'FJ-1310-0232','P0003',240,54000,12720000),(672,'FJ-1310-0233','P0001',421,46500,17471500),(673,'FJ-1310-0233','P0002',451,30500,11951500),(674,'FJ-1310-0233','P0003',207,54000,10971000),(675,'FJ-1310-0234','P0001',524,46500,21746000),(676,'FJ-1310-0234','P0002',355,30500,9407500),(677,'FJ-1310-0234','P0003',251,54000,13303000),(678,'FJ-1310-0235','P0001',311,46500,12906500),(679,'FJ-1310-0235','P0002',256,30500,6784000),(680,'FJ-1310-0235','P0003',130,54000,6890000),(681,'FJ-1310-0236','P0001',642,46500,26643000),(682,'FJ-1310-0236','P0002',453,30500,12004500),(683,'FJ-1310-0236','P0003',200,54000,10600000),(684,'FJ-1310-0237','P0001',413,46500,17139500),(685,'FJ-1310-0237','P0002',365,30500,9672500),(686,'FJ-1310-0237','P0003',110,54000,5830000),(687,'FJ-1310-0238','P0001',321,46500,13321500),(688,'FJ-1310-0238','P0002',452,30500,11978000),(689,'FJ-1310-0238','P0003',50,54000,2650000),(690,'FJ-1310-0239','P0001',432,46500,17928000),(691,'FJ-1310-0239','P0002',435,30500,11527500),(692,'FJ-1310-0239','P0003',100,54000,5300000),(693,'FJ-1310-0240','P0001',643,46500,26684500),(694,'FJ-1310-0240','P0002',352,30500,9328000),(695,'FJ-1310-0240','P0003',292,54000,15476000),(696,'FJ-1310-0241','P0001',431,46500,17886500),(697,'FJ-1310-0241','P0002',435,30500,11527500),(698,'FJ-1310-0241','P0003',164,54000,8692000),(699,'FJ-1310-0242','P0001',532,46500,22078000),(700,'FJ-1310-0242','P0002',352,30500,9328000),(701,'FJ-1310-0242','P0003',160,54000,8480000),(702,'FJ-1310-0243','P0001',342,46500,14193000),(703,'FJ-1310-0243','P0002',451,30500,11951500),(704,'FJ-1310-0243','P0003',153,54000,8109000),(705,'FJ-1310-0244','P0001',421,46500,17471500),(706,'FJ-1310-0244','P0002',492,30500,13038000),(707,'FJ-1310-0244','P0003',110,54000,5830000),(708,'FJ-1310-0245','P0001',532,46500,22078000),(709,'FJ-1310-0245','P0002',475,30500,12587500),(710,'FJ-1310-0245','P0003',127,54000,6731000),(711,'FJ-1310-0246','P0001',524,46500,21746000),(712,'FJ-1310-0246','P0002',364,30500,9646000),(713,'FJ-1310-0246','P0003',103,54000,5459000),(714,'FJ-1311-0247','P0001',313,46500,12989500),(715,'FJ-1311-0247','P0002',445,30500,11792500),(716,'FJ-1311-0247','P0003',235,54000,12455000),(717,'FJ-1311-0248','P0001',524,46500,21746000),(718,'FJ-1311-0248','P0002',350,30500,9275000),(719,'FJ-1311-0248','P0003',163,54000,8639000),(720,'FJ-1311-0249','P0001',532,46500,22078000),(721,'FJ-1311-0249','P0002',535,30500,14177500),(722,'FJ-1311-0249','P0003',186,54000,9858000),(723,'FJ-1311-0250','P0001',432,46500,17928000),(724,'FJ-1311-0250','P0002',652,30500,17278000),(725,'FJ-1311-0250','P0003',296,54000,15688000),(726,'FJ-1311-0251','P0001',523,46500,21704500),(727,'FJ-1311-0251','P0002',395,30500,10467500),(728,'FJ-1311-0251','P0003',264,54000,13992000),(729,'FJ-1311-0252','P0001',623,46500,25854500),(730,'FJ-1311-0252','P0002',562,30500,14893000),(731,'FJ-1311-0252','P0003',175,54000,9275000),(732,'FJ-1311-0253','P0001',224,46500,9296000),(733,'FJ-1311-0253','P0002',353,30500,9354500),(734,'FJ-1311-0253','P0003',294,54000,15582000),(735,'FJ-1311-0254','P0001',532,46500,22078000),(736,'FJ-1311-0254','P0002',545,30500,14442500),(737,'FJ-1311-0254','P0003',254,54000,13462000),(738,'FJ-1311-0255','P0001',214,46500,8881000),(739,'FJ-1311-0255','P0002',635,30500,16827500),(740,'FJ-1311-0255','P0003',290,54000,15370000),(741,'FJ-1311-0256','P0001',324,46500,13446000),(742,'FJ-1311-0256','P0002',523,30500,13859500),(743,'FJ-1311-0256','P0003',201,54000,10653000),(744,'FJ-1311-0257','P0001',246,46500,10209000),(745,'FJ-1311-0257','P0002',355,30500,9407500),(746,'FJ-1311-0257','P0003',265,54000,14045000),(747,'FJ-1311-0258','P0001',413,46500,17139500),(748,'FJ-1311-0258','P0002',365,30500,9672500),(749,'FJ-1311-0258','P0003',235,54000,12455000),(750,'FJ-1311-0259','P0001',324,46500,13446000),(751,'FJ-1311-0259','P0002',425,30500,11262500),(752,'FJ-1311-0259','P0003',270,54000,14310000),(753,'FJ-1311-0260','P0001',413,46500,17139500),(754,'FJ-1311-0260','P0002',344,30500,9116000),(755,'FJ-1311-0260','P0003',250,54000,13250000),(756,'FJ-1311-0261','P0001',324,46500,13446000),(757,'FJ-1311-0261','P0002',245,30500,6492500),(758,'FJ-1311-0261','P0003',315,54000,16695000),(759,'FJ-1311-0262','P0001',424,46500,17596000),(760,'FJ-1311-0262','P0002',315,30500,8347500),(761,'FJ-1311-0262','P0003',205,54000,10865000),(762,'FJ-1311-0263','P0001',635,46500,26352500),(763,'FJ-1311-0263','P0002',562,30500,14893000),(764,'FJ-1311-0263','P0003',243,54000,12879000),(765,'FJ-1311-0264','P0001',746,46500,30959000),(766,'FJ-1311-0264','P0002',454,30500,12031000),(767,'FJ-1311-0264','P0003',175,54000,9275000),(768,'FJ-1311-0265','P0001',534,46500,22161000),(769,'FJ-1311-0265','P0002',351,30500,9301500),(770,'FJ-1311-0265','P0003',265,54000,14045000),(771,'FJ-1311-0266','P0001',635,46500,26352500),(772,'FJ-1311-0266','P0002',635,30500,16827500),(773,'FJ-1311-0266','P0003',133,54000,7049000),(774,'FJ-1311-0267','P0001',426,46500,17679000),(775,'FJ-1311-0267','P0002',375,30500,9937500),(776,'FJ-1311-0267','P0003',100,54000,5300000),(777,'FJ-1311-0268','P0001',673,46500,27929500),(778,'FJ-1311-0268','P0002',449,30500,11898500),(779,'FJ-1311-0268','P0003',210,54000,11130000),(780,'FJ-1311-0269','P0001',745,46500,30917500),(781,'FJ-1311-0269','P0002',505,30500,13382500),(782,'FJ-1311-0269','P0003',175,54000,9275000),(783,'FJ-1311-0270','P0001',425,46500,17637500),(784,'FJ-1311-0270','P0002',315,30500,8347500),(785,'FJ-1311-0270','P0003',153,54000,8109000),(786,'FJ-1311-0271','P0001',846,46500,35109000),(787,'FJ-1311-0271','P0002',465,30500,12322500),(788,'FJ-1311-0271','P0003',250,54000,13250000),(789,'FJ-1312-0272','P0001',214,46500,8881000),(790,'FJ-1312-0272','P0002',439,30500,11633500),(791,'FJ-1312-0272','P0003',343,54000,18179000),(792,'FJ-1312-0273','P0001',424,46500,17596000),(793,'FJ-1312-0273','P0002',315,30500,8347500),(794,'FJ-1312-0273','P0003',354,54000,18762000),(795,'FJ-1312-0274','P0001',135,46500,5602500),(796,'FJ-1312-0274','P0002',303,30500,8029500),(797,'FJ-1312-0274','P0003',274,54000,14522000),(798,'FJ-1312-0275','P0001',313,46500,12989500),(799,'FJ-1312-0275','P0002',233,30500,6174500),(800,'FJ-1312-0275','P0003',549,54000,29097000),(801,'FJ-1312-0276','P0001',213,46500,8839500),(802,'FJ-1312-0276','P0002',264,30500,6996000),(803,'FJ-1312-0276','P0003',153,54000,8109000),(804,'FJ-1312-0277','P0001',134,46500,5561000),(805,'FJ-1312-0277','P0002',239,30500,6333500),(806,'FJ-1312-0277','P0003',446,54000,23638000),(807,'FJ-1312-0278','P0001',213,46500,8839500),(808,'FJ-1312-0278','P0002',346,30500,9169000),(809,'FJ-1312-0278','P0003',295,54000,15635000),(810,'FJ-1312-0279','P0001',424,46500,17596000),(811,'FJ-1312-0279','P0002',565,30500,14972500),(812,'FJ-1312-0279','P0003',426,54000,22578000),(813,'FJ-1312-0280','P0001',524,46500,21746000),(814,'FJ-1312-0280','P0002',354,30500,9381000),(815,'FJ-1312-0280','P0003',466,54000,41605000),(816,'FJ-1312-0281','P0001',524,46500,21746000),(817,'FJ-1312-0281','P0002',632,30500,16748000),(818,'FJ-1312-0281','P0003',296,54000,15688000),(819,'FJ-1312-0282','P0001',635,46500,26352500),(820,'FJ-1312-0282','P0002',573,30500,15184500),(821,'FJ-1312-0282','P0003',163,54000,8639000),(822,'FJ-1312-0283','P0001',735,46500,30502500),(823,'FJ-1312-0283','P0002',80,30500,2120000),(824,'FJ-1312-0283','P0003',298,54000,15794000),(825,'FJ-1312-0284','P0001',246,46500,10209000),(826,'FJ-1312-0284','P0003',236,54000,12508000),(827,'FJ-1312-0285','P0001',413,46500,17139500),(828,'FJ-1312-0285','P0002',413,30500,10944500),(829,'FJ-1312-0285','P0003',459,54000,24327000),(830,'FJ-1312-0286','P0001',413,46500,17139500),(831,'FJ-1312-0286','P0002',705,30500,18682500),(832,'FJ-1312-0286','P0003',256,54000,13568000),(833,'FJ-1312-0287','P0001',135,46500,5602500),(834,'FJ-1312-0287','P0002',567,30500,15025500),(835,'FJ-1312-0287','P0003',465,54000,24645000),(836,'FJ-1312-0288','P0001',135,46500,5602500),(837,'FJ-1312-0288','P0002',406,30500,10759000),(838,'FJ-1312-0288','P0003',126,54000,6678000),(839,'FJ-1312-0289','P0001',423,46500,17554500),(840,'FJ-1312-0289','P0002',564,30500,14946000),(841,'FJ-1312-0289','P0003',263,54000,13939000),(842,'FJ-1312-0290','P0001',635,46500,26352500),(843,'FJ-1312-0290','P0002',894,30500,23691000),(844,'FJ-1312-0290','P0003',266,54000,14098000),(845,'FJ-1312-0291','P0001',745,46500,30917500),(846,'FJ-1312-0291','P0002',542,30500,14363000),(847,'FJ-1312-0291','P0003',397,54000,21041000),(848,'FJ-1312-0292','P0001',835,46500,34652500),(849,'FJ-1312-0292','P0002',656,30500,17384000),(850,'FJ-1312-0292','P0003',559,54000,29627000),(851,'FJ-1312-0293','P0001',524,46500,21746000),(852,'FJ-1312-0293','P0002',760,30500,20140000),(853,'FJ-1312-0293','P0003',254,54000,13462000),(854,'FJ-1312-0294','P0001',634,46500,26311000),(855,'FJ-1312-0294','P0002',466,30500,12349000),(856,'FJ-1312-0294','P0003',344,54000,18232000),(858,'FJ-1312-0295','P0002',659,30500,17463500),(859,'FJ-1312-0295','P0003',378,54000,20034000),(860,'FJ-1312-0296','P0001',523,46500,21704500),(861,'FJ-1312-0296','P0003',657,54000,34821000),(862,'FJ-1308-0297','P0001',406,46500,16849000),(863,'FJ-1308-0297','P0002',355,30500,6492500),(864,'FJ-1308-0297','P0003',245,54000,18815000),(865,'FJ-1308-0298','P0001',432,46500,17928000),(866,'FJ-1308-0298','P0002',370,30500,8400500),(867,'FJ-1308-0298','P0003',317,54000,19610000),(868,'FJ-1308-0299','P0001',355,46500,14732500),(869,'FJ-1308-0299','P0002',425,30500,9301500),(870,'FJ-1308-0299','P0003',351,54000,22525000),(871,'FJ-1308-0181','P0003',257,54000,13621000),(872,'FJ-1308-0182','P0003',310,54000,16430000),(873,'FJ-1308-0183','P0003',255,54000,13515000),(874,'FJ-1308-0184','P0003',250,54000,13250000),(987,'FJ-1506-0300','P0003',7,54000,378000),(988,'FJ-1506-0300','P0001',10,3550,35500),(989,'FJ-1506-0301','P0001',10,46500,465000),(990,'FJ-1506-0301','P0002',15,30500,457500),(991,'FJ-1506-0301','P0003',50,54000,2700000),(992,'FJ-1506-0302','P0002',6,30500,183000),(993,'FJ-1506-0302','P0003',9,54000,486000),(994,'FJ-1506-0302','P0001',9,46500,418500),(995,'FJ-1506-0303','P0002',5,30500,152500),(996,'FJ-1506-0303','P0003',3,54000,162000),(997,'FJ-1506-0303','P0001',10,46500,465000);

/*Table structure for table `detail_purchasing` */

DROP TABLE IF EXISTS `detail_purchasing`;

CREATE TABLE `detail_purchasing` (
  `id_detail_pembelian` int(11) NOT NULL AUTO_INCREMENT,
  `id_purchasing` varchar(15) DEFAULT NULL,
  `id_barang` varchar(10) DEFAULT NULL,
  `jumlah` int(11) DEFAULT NULL,
  `harga_beli` int(11) DEFAULT NULL,
  `subtotal` int(11) DEFAULT NULL,
  PRIMARY KEY (`id_detail_pembelian`),
  KEY `id_pembelian` (`id_purchasing`),
  KEY `id_barang` (`id_barang`),
  CONSTRAINT `detail_purchasing_ibfk_1` FOREIGN KEY (`id_pembelian`) REFERENCES `purchasing` (`id_purchasing`) ON DELETE NO ACTION ON UPDATE CASCADE,
  CONSTRAINT `detail_purchasing_ibfk_2` FOREIGN KEY (`id_barang`) REFERENCES `barang` (`id_barang`) ON DELETE NO ACTION ON UPDATE CASCADE
) ENGINE=InnoDB AUTO_INCREMENT=294 DEFAULT CHARSET=latin1;

/*Data for the table `detail_purchasing` */

insert  into `detail_purchasing`(`id_detail_pembelian`,`id_purchasing`,`id_barang`,`jumlah`,`harga_beli`,`subtotal`) values (1,'PO-1301-0001','P0001',2800,41500,116200000),(2,'PO-1301-0001','P0002',2300,26500,60950000),(3,'PO-1301-0001','P0003',50,53000,2650000),(4,'PO-1301-0002','P0001',1900,41500,78850000),(5,'PO-1301-0002','P0002',450,26500,11925000),(6,'PO-1301-0002','P0003',650,53000,34450000),(7,'PO-1301-0003','P0001',600,41500,24900000),(8,'PO-1301-0003','P0002',400,26500,10600000),(9,'PO-1301-0004','P0003',1495,53000,79235000),(10,'PO-1301-0005','P0001',1800,41500,74700000),(11,'PO-1301-0005','P0002',1200,26500,31800000),(12,'PO-1301-0006','P0003',1495,53000,79235000),(13,'PO-1301-0007','P0001',1800,41500,74700000),(14,'PO-1301-0007','P0002',1200,26500,31800000),(15,'PO-1301-0008','P0001',900,41500,37350000),(16,'PO-1301-0008','P0002',600,26500,15900000),(17,'PO-1301-0008','P0003',1000,53000,53000000),(18,'PO-1301-0009','P0001',1500,41500,62250000),(19,'PO-1301-0009','P0002',2000,26500,53000000),(20,'PO-1301-0009','P0003',1495,53000,79235000),(21,'PO-1302-0010','P0003',345,53000,18285000),(22,'PO-1302-0011','P0003',1495,53000,79235000),(23,'PO-1302-0012','P0001',1500,41500,62250000),(24,'PO-1302-0012','P0002',1300,26500,34450000),(25,'PO-1302-0012','P0003',200,53000,10600000),(26,'PO-1302-0013','P0001',500,41500,20750000),(27,'PO-1302-0013','P0002',1000,26500,26500000),(28,'PO-1302-0014','P0002',1350,26500,35775000),(29,'PO-1302-0014','P0003',150,53000,7950000),(30,'PO-1302-0015','P0003',1495,53000,79235000),(31,'PO-1303-0016','P0001',400,41500,16600000),(32,'PO-1303-0016','P0002',3100,26500,82150000),(33,'PO-1303-0016','P0003',1000,53000,53000000),(34,'PO-1303-0017','P0002',300,26500,7950000),(35,'PO-1303-0018','P0003',1495,53000,79235000),(36,'PO-1303-0019','P0001',800,41500,33200000),(37,'PO-1303-0019','P0002',700,26500,18550000),(38,'PO-1303-0020','P0001',900,41500,37350000),(39,'PO-1303-0020','P0002',450,26500,11925000),(40,'PO-1303-0020','P0003',150,53000,7950000),(41,'PO-1303-0021','P0001',900,41500,37350000),(42,'PO-1303-0021','P0002',600,26500,15900000),(43,'PO-1303-0021','P0003',30,53000,1590000),(44,'PO-1303-0022','P0002',1000,26500,26500000),(45,'PO-1303-0022','P0003',1495,53000,79235000),(46,'PO-1303-0023','P0001',900,41500,37350000),(47,'PO-1303-0023','P0003',610,53000,32330000),(48,'PO-1303-0024','P0002',500,26500,13250000),(49,'PO-1303-0025','P0001',900,41500,37350000),(50,'PO-1303-0025','P0002',600,26500,15900000),(51,'PO-1303-0025','P0003',1495,53000,79235000),(52,'PO-1303-0026','P0001',900,41500,37350000),(53,'PO-1303-0026','P0002',600,26500,15900000),(54,'PO-1303-0027','P0001',900,41500,37350000),(55,'PO-1303-0027','P0002',420,26500,11130000),(56,'PO-1303-0027','P0003',180,53000,9540000),(57,'PO-1304-0028','P0003',575,53000,30475000),(58,'PO-1304-0029','P0002',500,26500,13250000),(59,'PO-1304-0030','P0001',900,41500,37350000),(60,'PO-1304-0030','P0002',600,26500,15900000),(61,'PO-1304-0031','P0002',500,26500,13250000),(62,'PO-1304-0031','P0003',1725,53000,91425000),(63,'PO-1304-0032','P0001',900,41500,37350000),(64,'PO-1304-0032','P0002',600,26500,15900000),(65,'PO-1304-0033','P0001',900,41500,37350000),(66,'PO-1304-0033','P0002',600,26500,15900000),(67,'PO-1304-0034','P0001',900,41500,37350000),(68,'PO-1304-0034','P0002',600,26500,15900000),(69,'PO-1304-0034','P0003',805,53000,42665000),(70,'PO-1304-0035','P0002',700,26500,18550000),(71,'PO-1304-0035','P0003',345,53000,18285000),(72,'PO-1304-0036','P0001',600,41500,24900000),(73,'PO-1304-0036','P0002',900,26500,23850000),(74,'PO-1304-0037','P0001',600,41500,24900000),(75,'PO-1304-0037','P0002',900,26500,23850000),(76,'PO-1304-0038','P0003',1495,53000,79235000),(77,'PO-1305-0039','P0001',900,41500,37350000),(78,'PO-1305-0039','P0002',600,26500,15900000),(79,'PO-1305-0040','P0001',1650,41500,68475000),(80,'PO-1305-0040','P0002',1350,26500,35775000),(81,'PO-1305-0040','P0003',1495,53000,79235000),(82,'PO-1305-0041','P0001',1550,41500,64325000),(83,'PO-1305-0041','P0002',1450,26500,38425000),(84,'PO-1305-0042','P0001',700,41500,29050000),(85,'PO-1305-0042','P0002',800,26500,21200000),(86,'PO-1305-0043','P0001',850,41500,35275000),(87,'PO-1305-0043','P0003',650,53000,34450000),(88,'PO-1305-0044','P0003',1495,53000,79235000),(89,'PO-1305-0045','P0002',1402,26500,37153000),(90,'PO-1305-0045','P0003',98,53000,5194000),(91,'PO-1305-0046','P0001',800,41500,33200000),(92,'PO-1305-0046','P0002',700,26500,18550000),(93,'PO-1305-0047','P0002',300,26500,7950000),(94,'PO-1305-0048','P0001',800,41500,33200000),(95,'PO-1305-0048','P0002',700,26500,18550000),(96,'PO-1305-0049','P0001',1650,41500,68475000),(97,'PO-1305-0049','P0002',700,26500,18550000),(98,'PO-1305-0049','P0003',2145,53000,113685000),(99,'PO-1305-0050','P0001',850,41500,35275000),(100,'PO-1305-0050','P0002',650,26500,17225000),(101,'PO-1305-0050','P0003',98,53000,5194000),(102,'PO-1305-0051','P0001',500,41500,20750000),(103,'PO-1305-0051','P0002',300,26500,7950000),(104,'PO-1305-0051','P0003',1210,53000,64130000),(105,'PO-1305-0052','P0001',800,41500,33200000),(106,'PO-1305-0052','P0002',700,26500,18550000),(107,'PO-1305-0053','P0001',800,41500,33200000),(108,'PO-1305-0053','P0002',700,26500,18550000),(109,'PO-1305-0054','P0002',2000,26500,53000000),(110,'PO-1306-0055','P0002',300,26500,7950000),(111,'PO-1306-0055','P0003',1495,53000,79235000),(112,'PO-1306-0056','P0001',750,41500,31125000),(113,'PO-1306-0056','P0002',750,26500,19875000),(114,'PO-1306-0057','P0001',1400,41500,58100000),(115,'PO-1306-0057','P0002',1600,26500,42400000),(116,'PO-1306-0057','P0003',2300,53000,121900000),(117,'PO-1306-0058','P0001',2250,41500,93375000),(118,'PO-1306-0058','P0002',2300,26500,60950000),(119,'PO-1306-0059','P0002',400,26500,10600000),(120,'PO-1306-0060','P0001',3000,41500,124500000),(121,'PO-1306-0060','P0002',2950,26500,78175000),(122,'PO-1306-0061','P0003',1495,53000,79235000),(123,'PO-1306-0062','P0002',1500,26500,39750000),(124,'PO-1306-0063','P0001',1650,41500,68475000),(125,'PO-1306-0063','P0002',1350,26500,35775000),(126,'PO-1306-0064','P0003',1495,53000,79235000),(127,'PO-1306-0065','P0001',800,41500,33200000),(128,'PO-1306-0065','P0002',700,26500,18550000),(129,'PO-1306-0066','P0002',400,26500,10600000),(130,'PO-1306-0066','P0003',1495,53000,79235000),(131,'PO-1307-0067','P0001',1600,41500,66400000),(132,'PO-1307-0067','P0002',1400,26500,37100000),(133,'PO-1307-0068','P0001',2550,41500,105825000),(134,'PO-1307-0068','P0002',1450,26500,38425000),(135,'PO-1307-0068','P0003',575,53000,30475000),(136,'PO-1307-0069','P0002',500,26500,13250000),(137,'PO-1307-0069','P0003',460,53000,24380000),(138,'PO-1307-0070','P0001',800,41500,33200000),(139,'PO-1307-0070','P0002',700,26500,18550000),(140,'PO-1307-0071','P0001',900,41500,37350000),(141,'PO-1307-0071','P0002',600,26500,15900000),(142,'PO-1307-0071','P0003',1495,53000,79235000),(143,'PO-1307-0072','P0001',900,41500,37350000),(144,'PO-1307-0072','P0002',600,26500,15900000),(145,'PO-1307-0073','P0002',1425,26500,37762500),(146,'PO-1307-0074','P0001',1800,41500,74700000),(147,'PO-1307-0074','P0002',1200,26500,31800000),(148,'PO-1307-0075','P0003',1495,53000,79235000),(149,'PO-1307-0076','P0001',1500,41500,62250000),(150,'PO-1307-0076','P0002',1600,26500,42400000),(151,'PO-1307-0077','P0001',700,41500,29050000),(152,'PO-1307-0077','P0002',1200,26500,31800000),(153,'PO-1307-0078','P0001',810,41500,33615000),(154,'PO-1307-0078','P0003',690,53000,36570000),(155,'PO-1307-0079','P0001',810,41500,33615000),(156,'PO-1307-0079','P0003',690,53000,36570000),(157,'PO-1307-0080','P0001',800,41500,33200000),(158,'PO-1307-0080','P0002',700,26500,18550000),(159,'PO-1307-0081','P0003',1495,53000,79235000),(160,'PO-1307-0082','P0001',600,41500,24900000),(161,'PO-1307-0082','P0003',920,53000,48760000),(162,'PO-1307-0083','P0001',1600,41500,66400000),(163,'PO-1307-0083','P0002',1400,26500,37100000),(164,'PO-1308-0084','P0001',800,41500,33200000),(165,'PO-1308-0084','P0002',700,26500,18550000),(166,'PO-1308-0085','P0001',900,41500,37350000),(167,'PO-1308-0085','P0002',600,26500,15900000),(168,'PO-1308-0086','P0003',1495,53000,79235000),(169,'PO-1308-0087','P0001',1700,41500,70550000),(170,'PO-1308-0087','P0002',1300,26500,34450000),(171,'PO-1308-0088','P0001',850,41500,35275000),(172,'PO-1308-0088','P0002',1150,26500,30475000),(173,'PO-1308-0088','P0003',1495,53000,79235000),(174,'PO-1308-0089','P0001',850,41500,35275000),(175,'PO-1308-0089','P0002',650,26500,17225000),(176,'PO-1308-0090','P0001',800,41500,33200000),(177,'PO-1308-0091','P0001',850,41500,35275000),(178,'PO-1308-0091','P0002',264,26500,6996000),(179,'PO-1308-0092','P0001',850,41500,35275000),(180,'PO-1308-0092','P0002',650,26500,17225000),(181,'PO-1308-0092','P0003',1490,53000,78970000),(182,'PO-1308-0093','P0001',850,41500,35275000),(183,'PO-1308-0093','P0002',1300,41500,53950000),(184,'PO-1308-0094','P0001',850,41500,35275000),(185,'PO-1309-0095','P0003',1500,53000,79500000),(186,'PO-1309-0096','P0001',850,41500,35275000),(187,'PO-1309-0096','P0002',650,26500,17225000),(188,'PO-1309-0096','P0003',2990,53000,158470000),(189,'PO-1309-0097','P0001',850,41500,20750000),(190,'PO-1309-0097','P0002',1000,26500,13250000),(191,'PO-1309-0097','P0003',250,53000,26500000),(192,'PO-1309-0098','P0001',500,41500,20750000),(193,'PO-1309-0098','P0002',500,26500,13250000),(194,'PO-1309-0098','P0003',500,53000,26500000),(195,'PO-1309-0099','P0001',1700,41500,70550000),(196,'PO-1309-0099','P0002',130,26500,3445000),(197,'PO-1309-0100','P0001',2550,41500,105825000),(198,'PO-1309-0100','P0002',2725,26500,72212500),(199,'PO-1309-0100','P0003',225,53000,11925000),(200,'PO-1309-0101','P0001',850,41500,35275000),(201,'PO-1309-0101','P0003',690,53000,36570000),(202,'PO-1309-0102','P0001',850,41500,35275000),(203,'PO-1309-0102','P0002',650,26500,17225000),(204,'PO-1309-0103','P0003',1495,53000,79235000),(205,'PO-1309-0104','P0002',1500,26500,41075000),(206,'PO-1309-0105','P0001',500,41500,20750000),(207,'PO-1309-0105','P0003',1000,53000,53000000),(208,'PO-1310-0106','P0001',700,41500,29050000),(209,'PO-1310-0106','P0002',800,26500,21200000),(210,'PO-1310-0107','P0001',500,41500,20750000),(211,'PO-1310-0107','P0002',1500,26500,39750000),(212,'PO-1310-0108','P0003',1725,53000,91425000),(213,'PO-1310-0109','P0002',1500,26500,39750000),(214,'PO-1310-0110','P0001',850,41500,35275000),(215,'PO-1310-0110','P0002',650,26500,17225000),(216,'PO-1310-0111','P0001',850,41500,35275000),(217,'PO-1310-0111','P0002',650,26500,17225000),(218,'PO-1310-0112','P0001',1350,41500,56025000),(219,'PO-1310-0112','P0002',650,26500,17225000),(220,'PO-1310-0112','P0003',920,53000,48760000),(221,'PO-1310-0113','P0001',850,41500,35275000),(222,'PO-1310-0113','P0002',900,26500,23850000),(223,'PO-1310-0114','P0001',850,41500,35275000),(224,'PO-1310-0114','P0002',650,26500,17225000),(225,'PO-1310-0115','P0001',850,41500,35275000),(226,'PO-1310-0115','P0002',650,26500,17225000),(227,'PO-1310-0116','P0001',1700,41500,70550000),(228,'PO-1310-0116','P0002',1300,26500,34450000),(229,'PO-1310-0116','P0003',1495,53000,79235000),(230,'PO-1310-0117','P0001',1250,41500,51875000),(231,'PO-1310-0117','P0002',1050,26500,27825000),(232,'PO-1311-0118','P0001',1250,41500,51875000),(233,'PO-1311-0118','P0002',1050,26500,27825000),(234,'PO-1311-0118','P0003',700,53000,37100000),(235,'PO-1311-0119','P0001',600,41500,24900000),(236,'PO-1311-0119','P0002',900,26500,23850000),(237,'PO-1311-0119','P0003',1495,53000,79235000),(238,'PO-1311-0120','P0002',500,26500,13250000),(239,'PO-1311-0121','P0001',750,41500,31125000),(240,'PO-1311-0121','P0002',750,26500,19875000),(241,'PO-1311-0122','P0001',750,41500,31125000),(242,'PO-1311-0122','P0002',750,26500,19875000),(243,'PO-1311-0123','P0001',1600,41500,66400000),(244,'PO-1311-0123','P0002',1400,26500,37100000),(245,'PO-1311-0124','P0001',500,41500,20750000),(246,'PO-1311-0124','P0002',500,26500,13250000),(247,'PO-1311-0124','P0003',1995,53000,105735000),(248,'PO-1311-0125','P0001',750,41500,31125000),(249,'PO-1311-0125','P0002',675,26500,17887500),(250,'PO-1311-0125','P0003',75,53000,3975000),(251,'PO-1311-0126','P0002',300,26500,7950000),(252,'PO-1311-0127','P0001',750,41500,31125000),(253,'PO-1311-0127','P0002',750,26500,19875000),(254,'PO-1311-0128','P0001',800,41500,33200000),(255,'PO-1311-0128','P0002',700,26500,18550000),(256,'PO-1311-0129','P0001',750,41500,31125000),(257,'PO-1311-0129','P0002',750,26500,19875000),(258,'PO-1311-0130','P0001',1950,41500,80925000),(259,'PO-1311-0130','P0002',1558,26500,41287000),(260,'PO-1311-0130','P0003',1292,53000,68476000),(261,'PO-1311-0131','P0001',1500,41500,62250000),(262,'PO-1311-0131','P0002',1500,26500,39750000),(263,'PO-1312-0132','P0003',1485,53000,78705000),(264,'PO-1312-0133','P0001',850,41500,35275000),(265,'PO-1312-0133','P0002',650,26500,17225000),(266,'PO-1312-0134','P0001',850,41500,35275000),(267,'PO-1312-0134','P0002',650,26500,17225000),(268,'PO-1312-0134','P0003',1495,53000,79235000),(269,'PO-1312-0135','P0001',1250,41500,51875000),(270,'PO-1312-0135','P0002',750,26500,19875000),(271,'PO-1312-0135','P0003',1002,53000,53106000),(272,'PO-1312-0136','P0001',850,41500,35275000),(273,'PO-1312-0136','P0002',500,26500,13250000),(274,'PO-1312-0136','P0003',150,53000,7950000),(275,'PO-1312-0137','P0001',800,41500,33200000),(276,'PO-1312-0137','P0002',700,26500,18550000),(277,'PO-1312-0138','P0001',850,41500,35275000),(278,'PO-1312-0138','P0002',2150,26500,56975000),(279,'PO-1312-0139','P0001',800,41500,33200000),(280,'PO-1312-0139','P0002',700,26500,18550000),(281,'PO-1312-0139','P0003',1495,53000,79235000),(282,'PO-1312-0140','P0001',750,41500,31125000),(283,'PO-1312-0140','P0002',750,26500,19875000),(284,'PO-1312-0141','P0003',1495,53000,79235000),(285,'PO-1312-0142','P0001',750,41500,31125000),(286,'PO-1312-0142','P0002',750,26500,19875000),(287,'PO-1312-0143','P0001',850,41500,35275000),(288,'PO-1312-0143','P0002',650,26500,17225000),(289,'PO-1312-0144','P0001',750,41500,31125000),(290,'PO-1312-0144','P0002',750,26500,19875000),(291,'PO-1312-0145','P0001',800,41500,33200000),(292,'PO-1312-0145','P0002',600,26500,15900000),(293,'PO-1312-0146','P0003',1495,53000,79235000);

/*Table structure for table `driver` */

DROP TABLE IF EXISTS `driver`;

CREATE TABLE `driver` (
  `id_driver` varchar(10) NOT NULL,
  `nama_driver` varchar(30) DEFAULT NULL,
  `alamat` varchar(50) DEFAULT NULL,
  `telepon` varchar(15) DEFAULT NULL,
  PRIMARY KEY (`id_driver`)
) ENGINE=InnoDB DEFAULT CHARSET=latin1;

/*Data for the table `driver` */

insert  into `driver`(`id_driver`,`nama_driver`,`alamat`,`telepon`) values ('D0001','Diryono','Cigugur Kidul','081213146288'),('D0002','Bureng','Cigugur','081324686862');

/*Table structure for table `drp` */

DROP TABLE IF EXISTS `drp`;

CREATE TABLE `drp` (
  `id_drp` int(11) DEFAULT NULL,
  `id_barang` varchar(10) DEFAULT NULL,
  `minggu` int(11) DEFAULT NULL,
  `tahun` int(11) DEFAULT NULL,
  `order_quantity` int(11) DEFAULT NULL,
  `safety_stock` int(11) DEFAULT NULL,
  `lead_time` int(11) DEFAULT NULL,
  `gross_requirement` int(11) DEFAULT NULL,
  `schedule_receipt` int(11) DEFAULT NULL,
  `project_on_hand` int(11) DEFAULT NULL,
  `net_requirement` int(11) DEFAULT NULL,
  `planning_order_receipt` int(11) DEFAULT NULL,
  `planning_order_release` int(11) DEFAULT NULL,
  KEY `id_drp` (`id_drp`),
  KEY `id_barang` (`id_barang`)
) ENGINE=InnoDB DEFAULT CHARSET=latin1;

/*Data for the table `drp` */

/*Table structure for table `eoq` */

DROP TABLE IF EXISTS `eoq`;

CREATE TABLE `eoq` (
  `id_eoq` int(11) NOT NULL,
  `biaya_pesan` int(11) DEFAULT '0',
  `biaya_simpan` int(11) DEFAULT '0',
  `suku_bunga` int(11) DEFAULT '0',
  PRIMARY KEY (`id_eoq`)
) ENGINE=InnoDB DEFAULT CHARSET=latin1;

/*Data for the table `eoq` */

insert  into `eoq`(`id_eoq`,`biaya_pesan`,`biaya_simpan`,`suku_bunga`) values (1,220000,2905,7);

/*Table structure for table `jabatan` */

DROP TABLE IF EXISTS `jabatan`;

CREATE TABLE `jabatan` (
  `id_jabatan` int(11) NOT NULL AUTO_INCREMENT,
  `nama_jabatan` varchar(30) DEFAULT NULL,
  PRIMARY KEY (`id_jabatan`)
) ENGINE=InnoDB AUTO_INCREMENT=6 DEFAULT CHARSET=latin1;

/*Data for the table `jabatan` */

insert  into `jabatan`(`id_jabatan`,`nama_jabatan`) values (1,'Pimpinan Perusahaan'),(2,'Administrator'),(3,'Kepala Gudang'),(4,'Bagian Purchasing'),(5,'Bagian Penjualan');

/*Table structure for table `karyawan` */

DROP TABLE IF EXISTS `karyawan`;

CREATE TABLE `karyawan` (
  `id_karyawan` int(11) NOT NULL AUTO_INCREMENT,
  `id_jabatan` int(11) DEFAULT NULL,
  `nama_karyawan` varchar(50) DEFAULT NULL,
  `jenis_kelamin` enum('L','P') DEFAULT NULL,
  `tempat_lahir` varchar(50) DEFAULT NULL,
  `tanggal_lahir` date DEFAULT NULL,
  `mulai_kerja` timestamp NOT NULL DEFAULT CURRENT_TIMESTAMP,
  `alamat` varchar(50) DEFAULT NULL,
  `telepon` varchar(15) DEFAULT NULL,
  `email` varchar(50) DEFAULT NULL,
  `foto` varchar(30) DEFAULT NULL,
  PRIMARY KEY (`id_karyawan`),
  KEY `id_jabatan` (`id_jabatan`),
  CONSTRAINT `karyawan_ibfk_1` FOREIGN KEY (`id_jabatan`) REFERENCES `jabatan` (`id_jabatan`)
) ENGINE=InnoDB AUTO_INCREMENT=6 DEFAULT CHARSET=latin1;

/*Data for the table `karyawan` */

insert  into `karyawan`(`id_karyawan`,`id_jabatan`,`nama_karyawan`,`jenis_kelamin`,`tempat_lahir`,`tanggal_lahir`,`mulai_kerja`,`alamat`,`telepon`,`email`,`foto`) values (1,1,'Suwarto','L','Subang','2014-05-23','2014-05-23 00:00:00','Pusakajaya, Subang','085222241987','tarkiman.zone@gmail.com','33trexmen.jpg'),(2,2,'Tarkiman','L','Subang','2014-05-16','2014-05-23 00:00:00','Aceh','085222222222','','tarkiman.jpg'),(3,3,'Fakhruroji','L','Tegal','1992-11-11','2014-05-03 19:39:13','Subang','081222222222',NULL,'oji.jpg'),(4,4,'Abdul Kohar','L','Bandung','1987-11-11','2014-05-03 19:56:02','Subang','085222222222','','45aby.jpg'),(5,5,'Edi Yulianto','L','Bandung','2014-05-23','2014-05-23 00:00:00','Tegal','08522222222','','202011-12-27 10.12.351.jpg');

/*Table structure for table `kategori` */

DROP TABLE IF EXISTS `kategori`;

CREATE TABLE `kategori` (
  `id_kategori` int(11) NOT NULL AUTO_INCREMENT,
  `nama_kategori` varchar(30) DEFAULT NULL,
  PRIMARY KEY (`id_kategori`)
) ENGINE=InnoDB AUTO_INCREMENT=4 DEFAULT CHARSET=latin1;

/*Data for the table `kategori` */

insert  into `kategori`(`id_kategori`,`nama_kategori`) values (1,'Papan'),(2,'Coumpond'),(3,'Gypsum');

/*Table structure for table `kendaraan` */

DROP TABLE IF EXISTS `kendaraan`;

CREATE TABLE `kendaraan` (
  `no_kendaraan` varchar(15) NOT NULL,
  `merek` varchar(30) DEFAULT NULL,
  `tahun` char(4) DEFAULT NULL,
  PRIMARY KEY (`no_kendaraan`)
) ENGINE=InnoDB DEFAULT CHARSET=latin1;

/*Data for the table `kendaraan` */

insert  into `kendaraan`(`no_kendaraan`,`merek`,`tahun`) values ('T4057UG','Mitsubishi','2007'),('T5159VX','Mitsubishi','2013');

/*Table structure for table `login_log` */

DROP TABLE IF EXISTS `login_log`;

CREATE TABLE `login_log` (
  `id_log` int(11) NOT NULL AUTO_INCREMENT,
  `id_user` int(11) DEFAULT NULL,
  `tanggal` timestamp NOT NULL DEFAULT CURRENT_TIMESTAMP,
  `mac_address` varchar(30) DEFAULT NULL,
  PRIMARY KEY (`id_log`),
  KEY `id_user` (`id_user`),
  CONSTRAINT `login_log_ibfk_1` FOREIGN KEY (`id_user`) REFERENCES `user` (`id_user`)
) ENGINE=InnoDB AUTO_INCREMENT=51 DEFAULT CHARSET=latin1;

/*Data for the table `login_log` */

insert  into `login_log`(`id_log`,`id_user`,`tanggal`,`mac_address`) values (1,1,'2014-08-13 23:15:34','52-4A-00-39-A9-7C'),(2,1,'2014-08-13 23:31:14','52-4A-00-39-A9-7C'),(3,3,'2014-08-13 23:31:38','52-4A-00-39-A9-7C'),(4,6,'2014-08-14 08:47:14','52-4A-00-39-A9-7C'),(5,4,'2014-08-14 09:33:35','52-4A-00-39-A9-7C'),(6,3,'2014-08-14 09:44:57','52-4A-00-39-A9-7C'),(7,3,'2014-08-14 09:45:54','52-4A-00-39-A9-7C'),(8,5,'2014-08-14 09:48:01','52-4A-00-39-A9-7C'),(9,1,'2014-08-14 13:26:59','52-4A-00-39-A9-7C'),(10,3,'2014-08-14 13:27:47','52-4A-00-39-A9-7C'),(11,4,'2014-08-14 13:28:29','52-4A-00-39-A9-7C'),(12,6,'2014-08-14 13:29:36','52-4A-00-39-A9-7C'),(13,3,'2014-08-15 03:21:03','52-4A-00-39-A9-7C'),(14,6,'2014-08-16 13:46:35','52-4A-00-39-A9-7C'),(15,6,'2014-08-16 13:46:50','52-4A-00-39-A9-7C'),(16,4,'2014-08-16 23:13:42','52-4A-00-39-A9-7C'),(17,6,'2014-08-16 23:23:06','52-4A-00-39-A9-7C'),(18,3,'2014-08-16 23:26:17','52-4A-00-39-A9-7C'),(19,6,'2014-08-16 23:31:34','52-4A-00-39-A9-7C'),(20,1,'2014-08-18 09:22:17','12-4A-00-39-A9-7C'),(21,3,'2014-08-18 09:56:27','12-4A-00-39-A9-7C'),(22,5,'2014-08-18 10:19:20','12-4A-00-39-A9-7C'),(23,4,'2014-08-18 10:35:41','12-4A-00-39-A9-7C'),(24,6,'2014-08-18 10:46:54','12-4A-00-39-A9-7C'),(25,3,'2014-08-24 14:27:53','52-4A-00-39-A9-7C'),(26,3,'2014-08-24 18:20:25','52-4A-00-39-A9-7C'),(27,3,'2014-08-25 15:22:33','52-4A-00-39-A9-7C'),(28,6,'2014-08-25 15:26:49','52-4A-00-39-A9-7C'),(29,3,'2014-09-13 10:25:03','52-4A-00-39-A9-7C'),(30,3,'2014-10-15 17:32:31','52-4A-00-39-A9-7C'),(31,3,'2014-11-19 14:55:13','52-4A-00-39-A9-7C'),(32,3,'2014-12-12 15:43:31','52-4A-00-39-A9-7C'),(33,3,'2014-12-12 19:35:36','52-4A-00-39-A9-7C'),(34,3,'2015-01-28 16:31:11','52-4A-00-39-A9-7C'),(35,3,'2015-01-29 17:53:58','52-4A-00-39-A9-7C'),(36,3,'2015-01-29 18:09:31','52-4A-00-39-A9-7C'),(37,1,'2015-02-03 20:11:34','12-4A-00-39-A9-7C'),(38,6,'2015-02-03 20:12:17','12-4A-00-39-A9-7C'),(39,3,'2015-02-03 20:17:10','12-4A-00-39-A9-7C'),(40,3,'2015-02-04 03:14:00','12-4A-00-39-A9-7C'),(41,6,'2015-02-05 14:27:59','12-4A-00-39-A9-7C'),(42,3,'2015-02-10 21:19:47','12-4A-00-39-A9-7C'),(43,3,'2015-02-10 21:20:01','12-4A-00-39-A9-7C'),(44,3,'2015-03-28 21:27:05','2C-3D-4F-04-C2-9E'),(45,6,'2015-03-28 21:29:10','2C-3D-4F-04-C2-9E'),(46,4,'2015-03-28 21:40:46','2C-3D-4F-04-C2-9E'),(47,3,'2015-03-28 21:56:28','2C-3D-4F-04-C2-9E'),(48,3,'2015-03-31 00:32:58','18-26-66-47-f2-f9'),(49,3,'2015-04-24 12:30:31','2C-3D-4F-04-C2-9E'),(50,3,'2015-04-24 12:30:43','2C-3D-4F-04-C2-9E');

/*Table structure for table `pelanggan` */

DROP TABLE IF EXISTS `pelanggan`;

CREATE TABLE `pelanggan` (
  `id_pelanggan` varchar(10) NOT NULL,
  `nama_pelanggan` varchar(30) DEFAULT NULL,
  `alamat` varchar(30) DEFAULT NULL,
  `telepon` varchar(15) DEFAULT NULL,
  PRIMARY KEY (`id_pelanggan`)
) ENGINE=InnoDB DEFAULT CHARSET=latin1;

/*Data for the table `pelanggan` */

insert  into `pelanggan`(`id_pelanggan`,`nama_pelanggan`,`alamat`,`telepon`) values ('C0001','TB.Sumber Makmur','Purwokerto - Jawa Tengah','081213146288'),('C0002','TB.Jaya Indah','Tegal - Jawa Tengah','081324686862'),('C0003','TB. Muncul Jaya Abadi','Cigugur, Pusakajaya - Subang','+6285222241987');

/*Table structure for table `pembelian_tmp` */

DROP TABLE IF EXISTS `pembelian_tmp`;

CREATE TABLE `pembelian_tmp` (
  `id_barang` varchar(30) DEFAULT NULL,
  `nama_barang` varchar(30) DEFAULT NULL,
  `harga_beli` int(11) DEFAULT NULL,
  `jumlah` int(11) DEFAULT NULL,
  `subtotal` int(11) DEFAULT NULL
) ENGINE=InnoDB DEFAULT CHARSET=latin1;

/*Data for the table `pembelian_tmp` */

/*Table structure for table `pengiriman` */

DROP TABLE IF EXISTS `pengiriman`;

CREATE TABLE `pengiriman` (
  `id_pengiriman` varchar(15) NOT NULL,
  `no_kendaraan` varchar(15) DEFAULT NULL,
  `id_driver` varchar(10) DEFAULT NULL,
  `tgl_pengiriman` datetime DEFAULT NULL,
  PRIMARY KEY (`id_pengiriman`),
  KEY `no_kendaraan` (`no_kendaraan`),
  KEY `id_driver` (`id_driver`),
  CONSTRAINT `pengiriman_ibfk_1` FOREIGN KEY (`no_kendaraan`) REFERENCES `kendaraan` (`no_kendaraan`),
  CONSTRAINT `pengiriman_ibfk_2` FOREIGN KEY (`id_driver`) REFERENCES `driver` (`id_driver`) ON UPDATE CASCADE
) ENGINE=InnoDB DEFAULT CHARSET=latin1;

/*Data for the table `pengiriman` */

insert  into `pengiriman`(`id_pengiriman`,`no_kendaraan`,`id_driver`,`tgl_pengiriman`) values ('SJ-1301-0001','T4057UG','D0001','2013-01-02 02:11:00'),('SJ-1301-0002','T4057UG','D0001','2013-01-07 02:16:49'),('SJ-1301-0003','T4057UG','D0001','2013-01-14 02:22:52'),('SJ-1301-0004','T4057UG','D0001','2013-01-21 02:26:57'),('SJ-1301-0005','T4057UG','D0001','2013-01-28 02:30:47'),('SJ-1302-0005','T4057UG','D0001','2013-02-01 02:49:23'),('SJ-1302-0006','T4057UG','D0001','2013-02-04 02:50:35'),('SJ-1302-0007','T4057UG','D0001','2013-02-11 02:54:53'),('SJ-1302-0008','T4057UG','D0001','2013-02-18 02:58:18'),('SJ-1302-0009','T4057UG','D0001','2013-02-25 03:06:00'),('SJ-1303-0009','T4057UG','D0001','2013-03-01 23:02:05'),('SJ-1303-0010','T4057UG','D0001','2013-03-04 23:03:56'),('SJ-1303-0011','T4057UG','D0001','2013-03-11 23:10:42'),('SJ-1303-0012','T4057UG','D0001','2013-03-18 23:15:09'),('SJ-1303-0013','T4057UG','D0001','2013-03-25 23:19:24'),('SJ-1304-0014','T4057UG','D0001','2013-04-01 23:39:06'),('SJ-1304-0015','T4057UG','D0001','2013-04-08 23:45:59'),('SJ-1304-0016','T4057UG','D0001','2013-04-15 23:55:38'),('SJ-1304-0017','T4057UG','D0001','2013-04-23 00:01:37'),('SJ-1304-0018','T4057UG','D0001','2013-04-30 00:06:35'),('SJ-1305-0018','T4057UG','D0001','2013-05-01 00:07:01'),('SJ-1305-0019','T4057UG','D0001','2013-05-06 00:45:05'),('SJ-1305-0020','T4057UG','D0001','2013-05-13 00:49:54'),('SJ-1305-0021','T4057UG','D0001','2013-05-20 00:56:15'),('SJ-1305-0022','T4057UG','D0001','2013-05-27 01:03:08'),('SJ-1306-0022','T4057UG','D0001','2013-06-01 01:22:37'),('SJ-1306-0023','T4057UG','D0001','2013-06-03 01:23:20'),('SJ-1306-0024','T4057UG','D0001','2013-06-10 01:26:12'),('SJ-1306-0025','T4057UG','D0001','2013-06-17 01:31:06'),('SJ-1306-0026','T4057UG','D0001','2013-06-24 01:39:25'),('SJ-1307-0027','T4057UG','D0001','2013-07-01 02:30:54'),('SJ-1307-0028','T4057UG','D0001','2013-07-08 02:34:32'),('SJ-1307-0029','T4057UG','D0001','2013-07-15 02:44:48'),('SJ-1307-0030','T4057UG','D0001','2013-07-22 02:50:51'),('SJ-1307-0031','T4057UG','D0001','2013-07-29 03:05:34'),('SJ-1308-0031','T4057UG','D0001','2013-08-01 03:25:49'),('SJ-1308-0033','T4057UG','D0001','2013-08-14 03:31:25'),('SJ-1308-0034','T4057UG','D0001','2013-08-19 03:34:19'),('SJ-1308-0035','T4057UG','D0001','2013-08-26 03:39:04'),('SJ-1308-0053','T4057UG','D0001','2013-08-05 03:25:27'),('SJ-1309-0036','T4057UG','D0001','2013-09-02 03:59:41'),('SJ-1309-0037','T4057UG','D0001','2013-09-09 04:04:37'),('SJ-1309-0038','T4057UG','D0001','2013-09-16 04:12:41'),('SJ-1309-0039','T4057UG','D0001','2013-09-23 04:17:10'),('SJ-1309-0040','T4057UG','D0001','2013-09-30 04:20:59'),('SJ-1310-0040','T4057UG','D0001','2013-10-01 04:39:21'),('SJ-1310-0041','T4057UG','D0001','2013-10-07 04:43:46'),('SJ-1310-0042','T4057UG','D0001','2013-10-16 04:47:55'),('SJ-1310-0043','T4057UG','D0001','2013-10-21 04:50:03'),('SJ-1310-0044','T4057UG','D0001','2013-10-28 04:57:34'),('SJ-1311-0044','T4057UG','D0001','2013-11-01 05:08:39'),('SJ-1311-0045','T4057UG','D0001','2013-11-04 05:09:34'),('SJ-1311-0046','T4057UG','D0001','2013-11-11 05:12:51'),('SJ-1311-0047','T4057UG','D0001','2013-11-18 05:23:14'),('SJ-1311-0048','T4057UG','D0001','2013-11-25 05:31:07'),('SJ-1312-0049','T4057UG','D0001','2013-12-02 05:38:40'),('SJ-1312-0050','T4057UG','D0001','2013-12-09 05:41:50'),('SJ-1312-0051','T4057UG','D0001','2013-12-16 13:41:04'),('SJ-1312-0052','T4057UG','D0001','2013-12-23 13:46:03'),('SJ-1312-0053','T4057UG','D0001','2013-12-30 13:52:04'),('SJ-1406-0026','T4057UG','D0001','2014-06-26 20:08:59'),('SJ-1406-0053','T4057UG','D0001','2014-06-15 04:04:07'),('SJ-1506-0001','T4057UG','D0002','2015-06-06 09:22:08'),('SJ-1506-0002','T4057UG','D0002','2015-06-13 01:03:07');

/*Table structure for table `penjualan` */

DROP TABLE IF EXISTS `penjualan`;

CREATE TABLE `penjualan` (
  `id_penjualan` varchar(15) NOT NULL,
  `id_karyawan` int(11) DEFAULT NULL,
  `id_pelanggan` varchar(10) DEFAULT NULL,
  `minggu` int(11) DEFAULT NULL COMMENT 'Minggu ke- (dalam tahun tersebut)',
  `tgl_pemesanan` timestamp NOT NULL DEFAULT CURRENT_TIMESTAMP,
  `tgl_pengiriman` datetime DEFAULT NULL,
  `catatan` text,
  `status` enum('Y','N') DEFAULT NULL,
  `total` int(11) DEFAULT NULL,
  `id_pengiriman` varchar(15) DEFAULT NULL,
  PRIMARY KEY (`id_penjualan`),
  KEY `id_karyawan` (`id_karyawan`),
  KEY `id_pelanggan` (`id_pelanggan`),
  KEY `id_pengiriman` (`id_pengiriman`),
  CONSTRAINT `penjualan_ibfk_3` FOREIGN KEY (`id_pengiriman`) REFERENCES `pengiriman` (`id_pengiriman`) ON DELETE NO ACTION ON UPDATE CASCADE,
  CONSTRAINT `penjualan_ibfk_4` FOREIGN KEY (`id_pelanggan`) REFERENCES `pelanggan` (`id_pelanggan`) ON DELETE NO ACTION ON UPDATE CASCADE,
  CONSTRAINT `penjualan_ibfk_5` FOREIGN KEY (`id_karyawan`) REFERENCES `karyawan` (`id_karyawan`) ON DELETE NO ACTION ON UPDATE CASCADE
) ENGINE=InnoDB DEFAULT CHARSET=latin1;

/*Data for the table `penjualan` */

insert  into `penjualan`(`id_penjualan`,`id_karyawan`,`id_pelanggan`,`minggu`,`tgl_pemesanan`,`tgl_pengiriman`,`catatan`,`status`,`total`,`id_pengiriman`) values ('FJ-1301-0001',5,'C0001',1,'2013-01-02 01:56:00','2013-01-02 02:11:00',NULL,'Y',33025500,'SJ-1301-0001'),('FJ-1301-0002',5,'C0002',1,'2013-01-03 01:57:49','2013-01-03 02:12:49',NULL,'Y',37267500,'SJ-1301-0001'),('FJ-1301-0003',5,'C0001',1,'2013-01-04 01:59:56','2013-01-04 02:14:56',NULL,'Y',37640500,'SJ-1301-0001'),('FJ-1301-0004',5,'C0002',1,'2013-01-05 02:00:51','2013-01-05 02:15:51',NULL,'Y',33498000,NULL),('FJ-1301-0005',5,'C0001',2,'2013-01-07 02:01:49','2013-01-07 02:16:49',NULL,'Y',42175000,'SJ-1301-0002'),('FJ-1301-0006',5,'C0001',2,'2013-01-08 02:03:12','2013-01-08 02:18:12',NULL,'Y',40828500,'SJ-1301-0002'),('FJ-1301-0007',5,'C0001',2,'2013-01-09 02:04:56','2013-01-09 02:19:56',NULL,'Y',19230000,'SJ-1301-0002'),('FJ-1301-0008',5,'C0001',2,'2013-01-10 02:05:42','2013-01-10 02:20:42',NULL,'Y',41653500,'SJ-1301-0002'),('FJ-1301-0009',5,'C0002',2,'2013-01-11 02:06:35','2013-01-11 02:21:35',NULL,'Y',33312500,'SJ-1301-0002'),('FJ-1301-0010',5,'C0001',2,'2013-01-12 02:07:08','2013-01-12 02:22:08',NULL,'Y',40034500,'SJ-1301-0002'),('FJ-1301-0011',5,'C0001',3,'2013-01-14 02:07:52','2013-01-14 02:22:52',NULL,'Y',31116500,'SJ-1301-0003'),('FJ-1301-0012',5,'C0001',3,'2013-01-15 02:08:44','2013-01-15 02:23:44',NULL,'Y',41779000,'SJ-1301-0003'),('FJ-1301-0013',5,'C0001',3,'2013-01-16 02:09:31','2013-01-16 02:24:31',NULL,'Y',39427500,'SJ-1301-0003'),('FJ-1301-0014',5,'C0002',3,'2013-01-17 02:10:04','2013-01-17 02:25:04',NULL,'Y',41455000,'SJ-1301-0003'),('FJ-1301-0015',5,'C0001',3,'2013-01-18 02:10:50','2013-01-18 02:25:50',NULL,'Y',22617000,'SJ-1301-0003'),('FJ-1301-0016',5,'C0001',3,'2013-01-19 02:11:14','2013-01-19 02:26:14',NULL,'Y',17273000,'SJ-1301-0003'),('FJ-1301-0017',5,'C0002',4,'2013-01-21 02:11:57','2013-01-21 02:26:57',NULL,'Y',42653500,'SJ-1301-0004'),('FJ-1301-0018',5,'C0001',4,'2013-01-22 02:13:18','2013-01-22 02:28:18',NULL,'Y',30489000,'SJ-1301-0004'),('FJ-1301-0019',5,'C0001',4,'2013-01-23 02:13:59','2013-01-23 02:28:59',NULL,'Y',26703500,'SJ-1301-0004'),('FJ-1301-0020',5,'C0001',4,'2013-01-25 02:14:30','2013-01-25 02:29:30',NULL,'Y',39677000,'SJ-1301-0004'),('FJ-1301-0021',5,'C0002',4,'2013-01-26 02:15:02','2013-01-26 02:30:02',NULL,'Y',43712500,'SJ-1301-0004'),('FJ-1301-0022',5,'C0002',5,'2013-01-28 02:15:47','2013-01-28 02:30:47',NULL,'Y',66925000,'SJ-1301-0005'),('FJ-1301-0023',5,'C0002',5,'2013-01-29 02:17:10','2013-01-29 02:32:10',NULL,'Y',55422000,'SJ-1301-0005'),('FJ-1301-0024',5,'C0001',5,'2013-01-30 02:17:44','2013-01-30 02:32:44',NULL,'Y',40912500,'SJ-1301-0005'),('FJ-1301-0025',5,'C0002',5,'2013-01-31 02:18:12','2013-01-31 02:33:12',NULL,'Y',48376500,'SJ-1301-0005'),('FJ-1302-0026',5,'C0001',5,'2013-02-01 02:34:23','2013-02-01 02:49:23',NULL,'Y',20768000,'SJ-1302-0005'),('FJ-1302-0027',5,'C0002',5,'2013-02-02 02:34:54','2013-02-02 02:49:54',NULL,'Y',25985000,'SJ-1302-0005'),('FJ-1302-0028',5,'C0001',6,'2013-02-04 02:35:35','2013-02-04 02:50:35',NULL,'Y',16460000,'SJ-1302-0006'),('FJ-1302-0029',5,'C0001',6,'2013-02-05 02:36:23','2013-02-05 02:51:23',NULL,'Y',21998500,'SJ-1302-0006'),('FJ-1302-0030',5,'C0002',6,'2013-02-06 02:37:11','2013-02-06 02:52:11',NULL,'Y',17600500,'SJ-1302-0006'),('FJ-1302-0031',5,'C0002',6,'2013-02-07 02:38:00','2013-02-07 02:53:00',NULL,'Y',22022000,'SJ-1302-0006'),('FJ-1302-0032',5,'C0001',6,'2013-02-08 02:39:01','2013-02-08 02:54:01',NULL,'Y',8275500,'SJ-1302-0006'),('FJ-1302-0033',5,'C0001',6,'2013-02-09 02:39:34','2013-02-09 02:54:34',NULL,'Y',8839500,'SJ-1302-0006'),('FJ-1302-0034',5,'C0001',7,'2013-02-11 02:39:53','2013-02-11 02:54:53',NULL,'Y',8839500,'SJ-1302-0007'),('FJ-1302-0035',5,'C0001',7,'2013-02-12 02:40:17','2013-02-12 02:55:17',NULL,'Y',8964000,'SJ-1302-0007'),('FJ-1302-0036',5,'C0001',7,'2013-02-13 02:40:56','2013-02-13 02:55:56',NULL,'Y',13089500,'SJ-1302-0007'),('FJ-1302-0037',5,'C0001',7,'2013-02-14 02:41:33','2013-02-14 02:56:33',NULL,'Y',22197000,'SJ-1302-0007'),('FJ-1302-0038',5,'C0001',7,'2013-02-15 02:42:12','2013-02-15 02:57:12',NULL,'Y',20567000,'SJ-1302-0007'),('FJ-1302-0039',5,'C0002',7,'2013-02-16 02:42:40','2013-02-16 02:57:40',NULL,'Y',38440500,'SJ-1302-0007'),('FJ-1302-0040',5,'C0002',8,'2013-02-18 02:43:18','2013-02-18 02:58:18',NULL,'Y',22524000,'SJ-1302-0008'),('FJ-1302-0041',5,'C0002',8,'2013-02-19 02:44:05','2013-02-19 02:59:05',NULL,'Y',18513000,'SJ-1302-0008'),('FJ-1302-0042',5,'C0001',8,'2013-02-20 02:45:35','2013-02-20 03:00:35',NULL,'Y',21608500,'SJ-1302-0008'),('FJ-1302-0043',5,'C0001',8,'2013-02-21 02:46:57','2013-02-21 03:01:57',NULL,'Y',15475500,'SJ-1302-0008'),('FJ-1302-0044',5,'C0002',8,'2013-02-22 02:49:29','2013-02-22 03:04:29',NULL,'Y',23205500,'SJ-1302-0008'),('FJ-1302-0045',5,'C0001',8,'2013-02-23 02:50:08','2013-02-23 03:05:08',NULL,'Y',9203500,'SJ-1302-0008'),('FJ-1302-0046',5,'C0001',9,'2013-02-25 02:51:00','2013-02-25 03:06:00',NULL,'Y',14190000,'SJ-1302-0009'),('FJ-1302-0047',5,'C0001',9,'2013-02-26 02:54:47','2013-02-26 03:09:47',NULL,'Y',9594000,'SJ-1302-0009'),('FJ-1302-0048',5,'C0001',9,'2013-02-27 02:56:03','2013-02-27 03:11:03',NULL,'Y',26595500,'SJ-1302-0009'),('FJ-1302-0049',5,'C0001',9,'2013-02-28 02:56:39','2013-02-28 03:11:39',NULL,'Y',32152500,'SJ-1302-0009'),('FJ-1303-0050',5,'C0002',9,'2013-03-01 22:47:05','2013-03-01 23:02:05',NULL,'Y',27727500,'SJ-1303-0009'),('FJ-1303-0051',5,'C0002',9,'2013-03-02 22:48:21','2013-03-02 23:03:21',NULL,'Y',24861500,'SJ-1303-0009'),('FJ-1303-0052',5,'C0002',10,'2013-03-04 22:48:56','2013-03-04 23:03:56',NULL,'Y',29262000,'SJ-1303-0010'),('FJ-1303-0053',5,'C0001',10,'2013-03-05 22:49:24','2013-03-05 23:04:24',NULL,'Y',22030000,'SJ-1303-0010'),('FJ-1303-0054',5,'C0002',10,'2013-03-06 22:50:04','2013-03-06 23:05:04',NULL,'Y',20985500,'SJ-1303-0010'),('FJ-1303-0055',5,'C0001',10,'2013-03-07 22:51:04','2013-03-07 23:06:04',NULL,'Y',33307500,'SJ-1303-0010'),('FJ-1303-0056',5,'C0002',10,'2013-03-08 22:52:23','2013-03-08 23:07:23',NULL,'Y',29342000,'SJ-1303-0010'),('FJ-1303-0057',5,'C0001',10,'2013-03-09 22:53:05','2013-03-09 23:08:05',NULL,'Y',43470500,'SJ-1303-0010'),('FJ-1303-0058',5,'C0001',11,'2013-03-11 22:55:42','2013-03-11 23:10:42',NULL,'Y',30909000,'SJ-1303-0011'),('FJ-1303-0059',5,'C0001',11,'2013-03-13 22:57:05','2013-03-13 23:12:05',NULL,'Y',37120000,'SJ-1303-0011'),('FJ-1303-0060',5,'C0001',11,'2013-03-14 22:58:07','2013-03-14 23:13:07',NULL,'Y',23066000,'SJ-1303-0011'),('FJ-1303-0061',5,'C0001',11,'2013-03-15 22:58:35','2013-03-15 23:13:35',NULL,'Y',35931500,'SJ-1303-0011'),('FJ-1303-0062',5,'C0001',11,'2013-03-16 22:59:18','2013-03-16 23:14:18',NULL,'Y',30698500,'SJ-1303-0011'),('FJ-1303-0063',5,'C0002',12,'2013-03-18 23:00:09','2013-03-18 23:15:09',NULL,'Y',27032000,'SJ-1303-0012'),('FJ-1303-0064',5,'C0001',12,'2013-03-19 23:00:55','2013-03-19 23:15:55',NULL,'Y',42130000,'SJ-1303-0012'),('FJ-1303-0065',5,'C0001',12,'2013-03-20 23:01:34','2013-03-20 23:16:34',NULL,'Y',43816000,'SJ-1303-0012'),('FJ-1303-0066',5,'C0001',12,'2013-03-21 23:02:06','2013-03-21 23:17:06',NULL,'Y',33549000,'SJ-1303-0012'),('FJ-1303-0067',5,'C0002',12,'2013-03-22 23:02:44','2013-03-22 23:17:44',NULL,'Y',28180500,'SJ-1303-0012'),('FJ-1303-0068',5,'C0001',12,'2013-03-23 23:03:45','2013-03-23 23:18:45',NULL,'Y',35872500,'SJ-1303-0012'),('FJ-1303-0069',5,'C0001',13,'2013-03-25 23:04:24','2013-03-25 23:19:24',NULL,'Y',25232500,'SJ-1303-0013'),('FJ-1303-0070',5,'C0002',13,'2013-03-26 23:05:03','2013-03-26 23:20:03',NULL,'Y',27075500,'SJ-1303-0013'),('FJ-1303-0071',5,'C0001',13,'2013-03-27 23:05:56','2013-03-27 23:20:56',NULL,'Y',40326500,'SJ-1303-0013'),('FJ-1303-0072',5,'C0002',13,'2013-03-28 23:06:31','2013-03-28 23:21:31',NULL,'Y',32116000,'SJ-1303-0013'),('FJ-1303-0073',5,'C0001',13,'2013-03-30 23:07:27','2013-03-30 23:22:27',NULL,'Y',32692000,'SJ-1303-0013'),('FJ-1304-0074',5,'C0001',14,'2013-04-01 23:24:06','2013-04-01 23:39:06',NULL,'Y',25363500,'SJ-1304-0014'),('FJ-1304-0075',5,'C0001',14,'2013-04-02 23:25:31','2013-04-02 23:40:31',NULL,'Y',25610500,'SJ-1304-0014'),('FJ-1304-0076',5,'C0001',14,'2013-04-03 23:27:08','2013-04-03 23:42:08',NULL,'Y',52409000,'SJ-1304-0014'),('FJ-1304-0077',5,'C0001',14,'2013-04-04 23:28:19','2013-04-04 23:43:19',NULL,'Y',27109000,'SJ-1304-0014'),('FJ-1304-0078',5,'C0001',14,'2013-04-05 23:28:51','2013-04-05 23:43:51',NULL,'Y',25751500,'SJ-1304-0014'),('FJ-1304-0079',5,'C0001',14,'2013-04-06 23:30:01','2013-04-06 23:45:01',NULL,'Y',14072000,'SJ-1304-0014'),('FJ-1304-0080',5,'C0001',15,'2013-04-08 23:30:59','2013-04-08 23:45:59',NULL,'Y',28765000,'SJ-1304-0015'),('FJ-1304-0081',5,'C0001',15,'2013-04-09 23:33:43','2013-04-09 23:48:43',NULL,'Y',23964000,'SJ-1304-0015'),('FJ-1304-0082',5,'C0001',15,'2013-04-10 23:34:59','2013-04-10 23:49:59',NULL,'Y',32395500,'SJ-1304-0015'),('FJ-1304-0083',5,'C0001',15,'2013-04-11 23:36:11','2013-04-11 23:51:11',NULL,'Y',28261500,'SJ-1304-0015'),('FJ-1304-0084',5,'C0001',15,'2013-04-12 23:37:08','2013-04-12 23:52:08',NULL,'Y',23055000,'SJ-1304-0015'),('FJ-1304-0085',5,'C0001',15,'2013-04-13 23:38:12','2013-04-13 23:53:12',NULL,'Y',26416500,'SJ-1304-0015'),('FJ-1304-0086',5,'C0001',16,'2013-04-15 23:40:38','2013-04-15 23:55:38',NULL,'Y',25383000,'SJ-1304-0016'),('FJ-1304-0087',5,'C0002',16,'2013-04-16 23:41:32','2013-04-16 23:56:32',NULL,'Y',28538000,'SJ-1304-0016'),('FJ-1304-0088',5,'C0001',16,'2013-04-17 23:42:40','2013-04-17 23:57:40',NULL,'Y',14331500,'SJ-1304-0016'),('FJ-1304-0089',5,'C0002',16,'2013-04-18 23:44:10','2013-04-18 23:59:10',NULL,'Y',19982000,'SJ-1304-0016'),('FJ-1304-0090',5,'C0002',16,'2013-04-19 23:45:04','2013-04-20 00:00:04',NULL,'Y',23959500,'SJ-1304-0016'),('FJ-1304-0091',5,'C0002',16,'2013-04-20 23:45:57','2013-04-21 00:00:57',NULL,'Y',24087000,'SJ-1304-0016'),('FJ-1304-0092',5,'C0001',17,'2013-04-22 23:46:37','2013-04-23 00:01:37',NULL,'Y',28318500,'SJ-1304-0017'),('FJ-1304-0093',5,'C0002',17,'2013-04-23 23:47:04','2013-04-24 00:02:04',NULL,'Y',26363500,'SJ-1304-0017'),('FJ-1304-0094',5,'C0001',17,'2013-04-24 23:48:47','2013-04-25 00:03:47',NULL,'Y',22815500,'SJ-1304-0017'),('FJ-1304-0095',5,'C0001',17,'2013-04-25 23:49:42','2013-04-26 00:04:42',NULL,'Y',21542000,'SJ-1304-0017'),('FJ-1304-0096',5,'C0001',17,'2013-04-26 23:50:21','2013-04-27 00:05:21',NULL,'Y',20393500,'SJ-1304-0017'),('FJ-1304-0097',5,'C0001',17,'2013-04-27 23:50:55','2013-04-28 00:05:55',NULL,'Y',15310500,'SJ-1304-0017'),('FJ-1304-0098',5,'C0001',18,'2013-04-29 23:51:35','2013-04-30 00:06:35',NULL,'Y',20472000,'SJ-1304-0018'),('FJ-1304-0099',5,'C0001',18,'2013-04-30 23:52:01','2013-05-01 00:07:01',NULL,'Y',20092000,'SJ-1305-0018'),('FJ-1305-0100',5,'C0001',18,'2013-05-01 00:21:37','2013-05-01 00:36:37',NULL,'Y',43363000,'SJ-1305-0018'),('FJ-1305-0101',5,'C0001',18,'2013-05-02 00:22:12','2013-05-02 00:37:12',NULL,'Y',38200000,'SJ-1305-0018'),('FJ-1305-0102',5,'C0001',18,'2013-05-03 00:23:41','2013-05-03 00:38:41',NULL,'Y',45134000,'SJ-1305-0018'),('FJ-1305-0103',5,'C0002',18,'2013-05-04 00:24:20','2013-05-04 00:39:20',NULL,'Y',43630500,'SJ-1305-0018'),('FJ-1305-0104',5,'C0001',19,'2013-05-06 00:30:05','2013-05-06 00:45:05',NULL,'Y',34681500,'SJ-1305-0019'),('FJ-1305-0105',5,'C0001',19,'2013-05-07 00:30:34','2013-05-07 00:45:34',NULL,'Y',47684000,'SJ-1305-0019'),('FJ-1305-0106',5,'C0001',19,'2013-05-08 00:31:13','2013-05-08 00:46:13',NULL,'Y',44226000,'SJ-1305-0019'),('FJ-1305-0107',5,'C0001',19,'2013-05-09 00:31:53','2013-05-09 00:46:53',NULL,'Y',53353500,'SJ-1305-0019'),('FJ-1305-0108',5,'C0001',19,'2013-05-10 00:32:34','2013-05-10 00:47:34',NULL,'Y',58265500,'SJ-1305-0019'),('FJ-1305-0109',5,'C0001',19,'2013-05-11 00:33:31','2013-05-11 00:48:31',NULL,'Y',49843000,'SJ-1305-0019'),('FJ-1305-0110',5,'C0001',20,'2013-05-13 00:34:54','2013-05-13 00:49:54',NULL,'Y',51799500,'SJ-1305-0020'),('FJ-1305-0111',5,'C0001',20,'2013-05-14 00:36:28','2013-05-14 00:51:28',NULL,'Y',32997000,'SJ-1305-0020'),('FJ-1305-0112',5,'C0002',20,'2013-05-15 00:37:45','2013-05-15 00:52:45',NULL,'Y',48460500,'SJ-1305-0020'),('FJ-1305-0113',5,'C0001',20,'2013-05-16 00:38:28','2013-05-16 00:53:28',NULL,'Y',45060500,'SJ-1305-0020'),('FJ-1305-0114',5,'C0002',20,'2013-05-17 00:39:12','2013-05-17 00:54:12',NULL,'Y',37047000,'SJ-1305-0020'),('FJ-1305-0115',5,'C0001',20,'2013-05-18 00:39:43','2013-05-18 00:54:43',NULL,'Y',33294000,'SJ-1305-0020'),('FJ-1305-0116',5,'C0001',21,'2013-05-20 00:41:15','2013-05-20 00:56:15',NULL,'Y',49890000,'SJ-1305-0021'),('FJ-1305-0117',5,'C0001',21,'2013-05-21 00:41:48','2013-05-21 00:56:48',NULL,'Y',31060000,'SJ-1305-0021'),('FJ-1305-0118',5,'C0001',21,'2013-05-22 00:42:22','2013-05-22 00:57:22',NULL,'Y',41892500,'SJ-1305-0021'),('FJ-1305-0119',5,'C0001',21,'2013-05-23 00:43:06','2013-05-23 00:58:06',NULL,'Y',35193000,'SJ-1305-0021'),('FJ-1305-0120',5,'C0001',21,'2013-05-24 00:43:45','2013-05-24 00:58:45',NULL,'Y',52933000,'SJ-1305-0021'),('FJ-1305-0121',5,'C0001',21,'2013-05-25 00:44:19','2013-05-25 00:59:19',NULL,'Y',34449000,'SJ-1305-0021'),('FJ-1305-0122',5,'C0001',22,'2013-05-27 00:48:08','2013-05-27 01:03:08',NULL,'Y',43996500,'SJ-1305-0022'),('FJ-1305-0123',5,'C0001',22,'2013-05-28 00:48:56','2013-05-28 01:03:56',NULL,'Y',37973000,'SJ-1305-0022'),('FJ-1305-0124',5,'C0001',22,'2013-05-29 00:51:29','2013-05-29 01:06:29',NULL,'Y',62107500,'SJ-1305-0022'),('FJ-1305-0125',5,'C0001',22,'2013-05-30 00:52:06','2013-05-30 01:07:06',NULL,'Y',38383500,'SJ-1305-0022'),('FJ-1305-0126',5,'C0001',22,'2013-05-31 00:53:29','2013-05-31 01:08:29',NULL,'Y',28463000,'SJ-1305-0022'),('FJ-1306-0127',5,'C0001',22,'2013-06-01 01:07:37','2013-06-01 01:22:37',NULL,'Y',46182500,'SJ-1306-0022'),('FJ-1306-0128',5,'C0001',23,'2013-06-03 01:08:20','2013-06-03 01:23:20',NULL,'Y',44417500,'SJ-1306-0023'),('FJ-1306-0129',5,'C0001',23,'2013-06-04 01:09:07','2013-06-04 01:24:07',NULL,'Y',36429000,'SJ-1306-0023'),('FJ-1306-0130',5,'C0001',23,'2013-06-05 01:09:38','2013-06-05 01:24:38',NULL,'Y',42240500,'SJ-1306-0023'),('FJ-1306-0131',5,'C0001',23,'2013-06-07 01:10:12','2013-06-07 01:25:12',NULL,'Y',35503000,'SJ-1306-0023'),('FJ-1306-0132',5,'C0001',23,'2013-06-08 01:10:40','2013-06-08 01:25:40',NULL,'Y',43080500,'SJ-1306-0023'),('FJ-1306-0133',5,'C0001',24,'2013-06-10 01:11:12','2013-06-10 01:26:12',NULL,'Y',20283500,'SJ-1306-0024'),('FJ-1306-0134',5,'C0001',24,'2013-06-11 01:11:43','2013-06-11 01:26:43',NULL,'Y',37012000,'SJ-1306-0024'),('FJ-1306-0135',5,'C0001',24,'2013-06-12 01:12:10','2013-06-12 01:27:10',NULL,'Y',40476500,'SJ-1306-0024'),('FJ-1306-0136',5,'C0001',24,'2013-06-13 01:13:20','2013-06-13 01:28:20',NULL,'Y',39418500,'SJ-1306-0024'),('FJ-1306-0137',5,'C0001',24,'2013-06-14 01:13:56','2013-06-14 01:28:56',NULL,'Y',67047500,'SJ-1306-0024'),('FJ-1306-0138',5,'C0002',24,'2013-06-15 01:15:08','2013-06-15 01:30:08',NULL,'Y',49816000,'SJ-1306-0024'),('FJ-1306-0139',5,'C0001',25,'2013-06-17 01:16:06','2013-06-17 01:31:06',NULL,'Y',61952500,'SJ-1306-0025'),('FJ-1306-0140',5,'C0001',25,'2013-06-18 01:19:59','2013-06-18 01:34:59',NULL,'Y',52260000,'SJ-1306-0025'),('FJ-1306-0141',5,'C0001',25,'2013-06-19 01:20:27','2013-06-19 01:35:27',NULL,'Y',54094500,'SJ-1306-0025'),('FJ-1306-0142',5,'C0001',25,'2013-06-20 01:21:05','2013-06-20 01:36:05',NULL,'Y',49795500,'SJ-1306-0025'),('FJ-1306-0143',5,'C0001',25,'2013-06-21 01:21:32','2013-06-21 01:36:32',NULL,'Y',45224000,'SJ-1306-0025'),('FJ-1306-0144',5,'C0001',25,'2013-06-22 01:21:59','2013-06-22 01:36:59',NULL,'Y',61035000,'SJ-1306-0025'),('FJ-1306-0145',5,'C0001',26,'2013-06-24 01:24:25','2013-06-24 01:39:25',NULL,'Y',60234500,'SJ-1306-0026'),('FJ-1306-0146',5,'C0001',26,'2013-06-25 01:24:50','2013-06-25 01:39:50',NULL,'Y',53586500,'SJ-1306-0026'),('FJ-1306-0147',5,'C0001',26,'2013-06-26 01:25:21','2013-06-26 01:40:21',NULL,'Y',59777000,'SJ-1306-0026'),('FJ-1306-0148',5,'C0001',26,'2013-06-27 01:25:52','2013-06-27 01:40:52',NULL,'Y',83173000,'SJ-1306-0026'),('FJ-1306-0149',5,'C0001',26,'2013-06-28 01:26:22','2013-06-28 01:41:22',NULL,'Y',56354000,'SJ-1306-0026'),('FJ-1306-0150',5,'C0001',26,'2013-06-29 01:26:47','2013-06-29 01:41:47',NULL,'Y',49355500,'SJ-1306-0026'),('FJ-1307-0151',5,'C0001',27,'2013-07-01 02:15:54','2013-07-01 02:30:54',NULL,'Y',49624000,'SJ-1307-0027'),('FJ-1307-0152',5,'C0001',27,'2013-07-02 02:16:20','2013-07-02 02:31:20',NULL,'Y',53403000,'SJ-1307-0027'),('FJ-1307-0153',5,'C0002',27,'2013-07-03 02:16:51','2013-07-03 02:31:51',NULL,'Y',54314500,'SJ-1307-0027'),('FJ-1307-0154',5,'C0001',27,'2013-07-04 02:17:20','2013-07-04 02:32:20',NULL,'Y',46543000,'SJ-1307-0027'),('FJ-1307-0155',5,'C0002',27,'2013-07-05 02:17:45','2013-07-05 02:32:45',NULL,'Y',50419000,'SJ-1307-0027'),('FJ-1307-0156',5,'C0002',27,'2013-07-06 02:18:11','2013-07-06 02:33:11',NULL,'Y',38870500,'SJ-1307-0027'),('FJ-1307-0157',5,'C0001',28,'2013-07-08 02:19:32','2013-07-08 02:34:32',NULL,'Y',38372000,'SJ-1307-0028'),('FJ-1307-0158',5,'C0001',28,'2013-07-09 02:20:13','2013-07-09 02:35:13',NULL,'Y',31868000,'SJ-1307-0028'),('FJ-1307-0159',5,'C0001',28,'2013-07-10 02:21:02','2013-07-10 02:36:02',NULL,'Y',56060000,'SJ-1307-0028'),('FJ-1307-0160',5,'C0001',28,'2013-07-11 02:21:55','2013-07-11 02:36:55',NULL,'Y',47227500,'SJ-1307-0028'),('FJ-1307-0161',5,'C0002',28,'2013-07-12 02:22:22','2013-07-12 02:37:22',NULL,'Y',45504000,'SJ-1307-0028'),('FJ-1307-0162',5,'C0002',28,'2013-07-13 02:22:55','2013-07-13 02:37:55',NULL,'Y',63934000,'SJ-1307-0028'),('FJ-1307-0163',5,'C0001',29,'2013-07-15 02:29:48','2013-07-15 02:44:48',NULL,'Y',40926500,'SJ-1307-0029'),('FJ-1307-0164',5,'C0001',29,'2013-07-16 02:30:34','2013-07-16 02:45:34',NULL,'Y',43218000,'SJ-1307-0029'),('FJ-1307-0165',5,'C0001',29,'2013-07-17 02:31:02','2013-07-17 02:46:02',NULL,'Y',57405000,'SJ-1307-0029'),('FJ-1307-0166',5,'C0001',29,'2013-07-18 02:31:55','2013-07-18 02:46:55',NULL,'Y',45664000,'SJ-1307-0029'),('FJ-1307-0167',5,'C0001',29,'2013-07-19 02:33:41','2013-07-19 02:48:41',NULL,'Y',41233000,'SJ-1307-0029'),('FJ-1307-0168',5,'C0002',29,'2013-07-20 02:34:06','2013-07-20 02:49:06',NULL,'Y',50104500,'SJ-1307-0029'),('FJ-1307-0169',5,'C0001',30,'2013-07-22 02:35:51','2013-07-22 02:50:51',NULL,'Y',52676000,'SJ-1307-0030'),('FJ-1307-0170',5,'C0001',30,'2013-07-23 02:40:56','2013-07-23 02:55:56',NULL,'Y',52858500,'SJ-1307-0030'),('FJ-1307-0171',5,'C0001',30,'2013-07-24 02:41:27','2013-07-24 02:56:27',NULL,'Y',43198500,'SJ-1307-0030'),('FJ-1307-0172',5,'C0001',30,'2013-07-25 02:42:44','2013-07-25 02:57:44',NULL,'Y',54478000,'SJ-1307-0030'),('FJ-1307-0173',5,'C0001',30,'2013-07-26 02:44:41','2013-07-26 02:59:41',NULL,'Y',34750500,'SJ-1307-0030'),('FJ-1307-0174',5,'C0001',30,'2013-07-27 02:47:16','2013-07-27 03:02:16',NULL,'Y',50205000,'SJ-1307-0030'),('FJ-1307-0175',5,'C0001',31,'2013-07-29 02:50:34','2013-07-29 03:05:34',NULL,'Y',64230000,'SJ-1307-0031'),('FJ-1307-0176',5,'C0001',31,'2013-07-30 02:51:44','2013-07-30 03:06:44',NULL,'Y',55533500,'SJ-1307-0031'),('FJ-1307-0177',5,'C0001',31,'2013-07-31 02:53:01','2013-07-31 03:08:01',NULL,'Y',68046000,'SJ-1307-0031'),('FJ-1308-0178',5,'C0001',31,'2013-08-01 03:10:49','2013-08-01 03:25:49',NULL,'Y',40084000,'SJ-1308-0031'),('FJ-1308-0179',5,'C0001',31,'2013-08-02 03:13:04','2013-08-02 03:28:04',NULL,'Y',44631500,'SJ-1308-0031'),('FJ-1308-0180',5,'C0001',31,'2013-08-03 03:13:43','2013-08-03 03:28:43',NULL,'Y',35367000,'SJ-1308-0031'),('FJ-1308-0181',5,'C0001',33,'2013-08-14 03:16:25','2013-08-14 03:31:25',NULL,'Y',19494500,'SJ-1308-0033'),('FJ-1308-0182',5,'C0001',33,'2013-08-15 03:16:59','2013-08-15 03:31:59',NULL,'Y',24925000,'SJ-1308-0033'),('FJ-1308-0183',5,'C0001',33,'2013-08-16 03:17:22','2013-08-16 03:32:22',NULL,'Y',16398500,'SJ-1308-0033'),('FJ-1308-0184',5,'C0002',33,'2013-08-17 03:17:53','2013-08-17 03:32:53',NULL,'Y',21206500,'SJ-1308-0033'),('FJ-1308-0185',5,'C0001',34,'2013-08-19 03:19:19','2013-08-19 03:34:19',NULL,'Y',35913500,'SJ-1308-0034'),('FJ-1308-0186',5,'C0001',34,'2013-08-20 03:20:05','2013-08-20 03:35:05',NULL,'Y',33264500,'SJ-1308-0034'),('FJ-1308-0187',5,'C0002',34,'2013-08-21 03:20:36','2013-08-21 03:35:36',NULL,'Y',46523500,'SJ-1308-0034'),('FJ-1308-0188',5,'C0002',34,'2013-08-22 03:21:12','2013-08-22 03:36:12',NULL,'Y',49609000,'SJ-1308-0034'),('FJ-1308-0189',5,'C0002',34,'2013-08-23 03:22:02','2013-08-23 03:37:02',NULL,'Y',29368500,'SJ-1308-0034'),('FJ-1308-0190',5,'C0002',34,'2013-08-24 03:22:25','2013-08-24 03:37:25',NULL,'Y',56036000,'SJ-1308-0034'),('FJ-1308-0191',5,'C0002',35,'2013-08-26 03:24:04','2013-08-26 03:39:04',NULL,'Y',49677000,'SJ-1308-0035'),('FJ-1308-0192',5,'C0001',35,'2013-08-27 03:24:37','2013-08-27 03:39:37',NULL,'Y',41200500,'SJ-1308-0035'),('FJ-1308-0193',5,'C0002',35,'2013-08-28 03:26:30','2013-08-28 03:41:30',NULL,'Y',51240500,'SJ-1308-0035'),('FJ-1308-0194',5,'C0002',35,'2013-08-29 03:26:56','2013-08-29 03:41:56',NULL,'Y',51568000,'SJ-1308-0035'),('FJ-1308-0195',5,'C0002',35,'2013-08-30 03:27:35','2013-08-30 03:42:35',NULL,'Y',50837500,'SJ-1308-0035'),('FJ-1308-0196',5,'C0002',35,'2013-08-31 03:28:10','2013-08-31 03:43:10',NULL,'Y',46590500,'SJ-1308-0035'),('FJ-1308-0297',5,'C0002',53,'2013-08-05 03:10:27','2013-08-05 03:25:27',NULL,'Y',42156500,'SJ-1308-0053'),('FJ-1308-0298',5,'C0001',53,'2013-08-06 03:10:59','2013-08-06 03:25:59',NULL,'Y',45938500,'SJ-1308-0053'),('FJ-1308-0299',5,'C0001',53,'2013-08-07 03:12:01','2013-08-07 03:27:01',NULL,'Y',46559000,'SJ-1308-0053'),('FJ-1309-0197',5,'C0001',36,'2013-09-02 03:44:41','2013-09-02 03:59:41',NULL,'Y',44441500,'SJ-1309-0036'),('FJ-1309-0198',5,'C0001',36,'2013-09-03 03:45:11','2013-09-03 04:00:11',NULL,'Y',47345000,'SJ-1309-0036'),('FJ-1309-0199',5,'C0002',36,'2013-09-04 03:45:46','2013-09-04 04:00:46',NULL,'Y',48330000,'SJ-1309-0036'),('FJ-1309-0200',5,'C0002',36,'2013-09-05 03:47:00','2013-09-05 04:02:00',NULL,'Y',41740500,'SJ-1309-0036'),('FJ-1309-0201',5,'C0001',36,'2013-09-06 03:47:28','2013-09-06 04:02:28',NULL,'Y',43294000,'SJ-1309-0036'),('FJ-1309-0202',5,'C0002',36,'2013-09-07 03:48:02','2013-09-07 04:03:02',NULL,'Y',40746500,'SJ-1309-0036'),('FJ-1309-0203',5,'C0001',37,'2013-09-09 03:49:37','2013-09-09 04:04:37',NULL,'Y',41782500,'SJ-1309-0037'),('FJ-1309-0204',5,'C0002',37,'2013-09-10 03:51:57','2013-09-10 04:06:57',NULL,'Y',51105500,'SJ-1309-0037'),('FJ-1309-0205',5,'C0002',37,'2013-09-11 03:53:29','2013-09-11 04:08:29',NULL,'Y',60764500,'SJ-1309-0037'),('FJ-1309-0206',5,'C0001',37,'2013-09-12 03:54:08','2013-09-12 04:09:08',NULL,'Y',50169000,'SJ-1309-0037'),('FJ-1309-0207',5,'C0002',37,'2013-09-13 03:54:41','2013-09-13 04:09:41',NULL,'Y',37418000,'SJ-1309-0037'),('FJ-1309-0208',5,'C0002',37,'2013-09-14 03:55:07','2013-09-14 04:10:07',NULL,'Y',60775000,'SJ-1309-0037'),('FJ-1309-0209',5,'C0001',38,'2013-09-16 03:57:41','2013-09-16 04:12:41',NULL,'Y',33582000,'SJ-1309-0038'),('FJ-1309-0210',5,'C0002',38,'2013-09-17 03:58:19','2013-09-17 04:13:19',NULL,'Y',41197000,'SJ-1309-0038'),('FJ-1309-0211',5,'C0001',38,'2013-09-18 03:58:52','2013-09-18 04:13:52',NULL,'Y',39420500,'SJ-1309-0038'),('FJ-1309-0212',5,'C0002',38,'2013-09-19 04:00:36','2013-09-19 04:15:36',NULL,'Y',49000500,'SJ-1309-0038'),('FJ-1309-0213',5,'C0001',38,'2013-09-20 04:01:08','2013-09-20 04:16:08',NULL,'Y',36307000,'SJ-1309-0038'),('FJ-1309-0214',5,'C0002',38,'2013-09-21 04:01:43','2013-09-21 04:16:43',NULL,'Y',48888000,'SJ-1309-0038'),('FJ-1309-0215',5,'C0002',39,'2013-09-23 04:02:10','2013-09-23 04:17:10',NULL,'Y',52221500,'SJ-1309-0039'),('FJ-1309-0216',5,'C0002',39,'2013-09-24 04:03:15','2013-09-24 04:18:15',NULL,'Y',38001000,'SJ-1309-0039'),('FJ-1309-0217',5,'C0002',39,'2013-09-25 04:03:46','2013-09-25 04:18:46',NULL,'Y',36269000,'SJ-1309-0039'),('FJ-1309-0218',5,'C0002',39,'2013-09-26 04:04:16','2013-09-26 04:19:16',NULL,'Y',48876500,'SJ-1309-0039'),('FJ-1309-0219',5,'C0002',39,'2013-09-27 04:04:40','2013-09-27 04:19:40',NULL,'Y',36925000,'SJ-1309-0039'),('FJ-1309-0220',5,'C0002',39,'2013-09-28 04:05:11','2013-09-28 04:20:11',NULL,'Y',29736500,'SJ-1309-0039'),('FJ-1309-0221',5,'C0002',40,'2013-09-30 04:05:59','2013-09-30 04:20:59',NULL,'Y',48648000,'SJ-1309-0040'),('FJ-1310-0222',5,'C0001',40,'2013-10-01 04:24:21','2013-10-01 04:39:21',NULL,'Y',41175000,'SJ-1310-0040'),('FJ-1310-0223',5,'C0002',40,'2013-10-02 04:25:23','2013-10-02 04:40:23',NULL,'Y',39001000,'SJ-1310-0040'),('FJ-1310-0224',5,'C0002',40,'2013-10-03 04:26:03','2013-10-03 04:41:03',NULL,'Y',26484500,'SJ-1310-0040'),('FJ-1310-0225',5,'C0002',40,'2013-10-04 04:26:30','2013-10-04 04:41:30',NULL,'Y',29496000,'SJ-1310-0040'),('FJ-1310-0226',5,'C0002',40,'2013-10-05 04:27:06','2013-10-05 04:42:06',NULL,'Y',40720000,'SJ-1310-0040'),('FJ-1310-0227',5,'C0001',41,'2013-10-07 04:28:46','2013-10-07 04:43:46',NULL,'Y',41674000,'SJ-1310-0041'),('FJ-1310-0228',5,'C0002',41,'2013-10-08 04:29:21','2013-10-08 04:44:21',NULL,'Y',30051500,'SJ-1310-0041'),('FJ-1310-0229',5,'C0001',41,'2013-10-09 04:31:06','2013-10-09 04:46:06',NULL,'Y',38213000,'SJ-1310-0041'),('FJ-1310-0230',5,'C0002',41,'2013-10-10 04:31:37','2013-10-10 04:46:37',NULL,'Y',28215500,'SJ-1310-0041'),('FJ-1310-0231',5,'C0002',41,'2013-10-11 04:32:06','2013-10-11 04:47:06',NULL,'Y',43062500,'SJ-1310-0041'),('FJ-1310-0232',5,'C0002',41,'2013-10-12 04:32:31','2013-10-12 04:47:31',NULL,'Y',26761000,'SJ-1310-0041'),('FJ-1310-0233',5,'C0001',42,'2013-10-16 04:32:55','2013-10-16 04:47:55',NULL,'Y',40394000,'SJ-1310-0042'),('FJ-1310-0234',5,'C0001',42,'2013-10-17 04:33:17','2013-10-17 04:48:17',NULL,'Y',44456500,'SJ-1310-0042'),('FJ-1310-0235',5,'C0001',42,'2013-10-18 04:33:43','2013-10-18 04:48:43',NULL,'Y',26580500,'SJ-1310-0042'),('FJ-1310-0236',5,'C0002',42,'2013-10-19 04:34:09','2013-10-19 04:49:09',NULL,'Y',49247500,'SJ-1310-0042'),('FJ-1310-0237',5,'C0001',43,'2013-10-21 04:35:03','2013-10-21 04:50:03',NULL,'Y',32642000,'SJ-1310-0043'),('FJ-1310-0238',5,'C0002',43,'2013-10-22 04:36:18','2013-10-22 04:51:18',NULL,'Y',27949500,'SJ-1310-0043'),('FJ-1310-0239',5,'C0002',43,'2013-10-23 04:36:52','2013-10-23 04:51:52',NULL,'Y',34755500,'SJ-1310-0043'),('FJ-1310-0240',5,'C0002',43,'2013-10-24 04:37:29','2013-10-24 04:52:29',NULL,'Y',51488500,'SJ-1310-0043'),('FJ-1310-0241',5,'C0002',43,'2013-10-25 04:38:01','2013-10-25 04:53:01',NULL,'Y',38106000,'SJ-1310-0043'),('FJ-1310-0242',5,'C0002',43,'2013-10-26 04:38:30','2013-10-26 04:53:30',NULL,'Y',39886000,'SJ-1310-0043'),('FJ-1310-0243',5,'C0001',44,'2013-10-28 04:42:34','2013-10-28 04:57:34',NULL,'Y',34253500,'SJ-1310-0044'),('FJ-1310-0244',5,'C0001',44,'2013-10-29 04:43:00','2013-10-29 04:58:00',NULL,'Y',36339500,'SJ-1310-0044'),('FJ-1310-0245',5,'C0002',44,'2013-10-30 04:43:35','2013-10-30 04:58:35',NULL,'Y',41396500,'SJ-1310-0044'),('FJ-1310-0246',5,'C0002',44,'2013-10-31 04:44:01','2013-10-31 04:59:01',NULL,'Y',36851000,'SJ-1310-0044'),('FJ-1311-0247',5,'C0001',44,'2013-11-01 04:53:39','2013-11-01 05:08:39',NULL,'Y',37237000,'SJ-1311-0044'),('FJ-1311-0248',5,'C0002',44,'2013-11-02 04:54:11','2013-11-02 05:09:11',NULL,'Y',39660000,'SJ-1311-0044'),('FJ-1311-0249',5,'C0001',45,'2013-11-04 04:54:34','2013-11-04 05:09:34',NULL,'Y',46113500,'SJ-1311-0045'),('FJ-1311-0250',5,'C0001',45,'2013-11-06 04:55:14','2013-11-06 05:10:14',NULL,'Y',50894000,'SJ-1311-0045'),('FJ-1311-0251',5,'C0002',45,'2013-11-07 04:55:40','2013-11-07 05:10:40',NULL,'Y',46164000,'SJ-1311-0045'),('FJ-1311-0252',5,'C0001',45,'2013-11-08 04:56:05','2013-11-08 05:11:05',NULL,'Y',50022500,'SJ-1311-0045'),('FJ-1311-0253',5,'C0002',45,'2013-11-09 04:56:40','2013-11-09 05:11:40',NULL,'Y',34232500,'SJ-1311-0045'),('FJ-1311-0254',5,'C0001',46,'2013-11-11 04:57:51','2013-11-11 05:12:51',NULL,'Y',49982500,'SJ-1311-0046'),('FJ-1311-0255',5,'C0002',46,'2013-11-12 04:58:14','2013-11-12 05:13:14',NULL,'Y',41078500,'SJ-1311-0046'),('FJ-1311-0256',5,'C0001',46,'2013-11-13 05:01:36','2013-11-13 05:16:36',NULL,'Y',37958500,'SJ-1311-0046'),('FJ-1311-0257',5,'C0001',46,'2013-11-14 05:02:56','2013-11-14 05:17:56',NULL,'Y',33661500,'SJ-1311-0046'),('FJ-1311-0258',5,'C0001',46,'2013-11-15 05:04:55','2013-11-15 05:19:55',NULL,'Y',39267000,'SJ-1311-0046'),('FJ-1311-0259',5,'C0001',46,'2013-11-16 05:05:43','2013-11-16 05:20:43',NULL,'Y',39018500,'SJ-1311-0046'),('FJ-1311-0260',5,'C0001',47,'2013-11-18 05:08:14','2013-11-18 05:23:14',NULL,'Y',39505500,'SJ-1311-0047'),('FJ-1311-0261',5,'C0001',47,'2013-11-19 05:10:13','2013-11-19 05:25:13',NULL,'Y',36633500,'SJ-1311-0047'),('FJ-1311-0262',5,'C0002',47,'2013-11-20 05:11:22','2013-11-20 05:26:22',NULL,'Y',36808500,'SJ-1311-0047'),('FJ-1311-0263',5,'C0001',47,'2013-11-21 05:12:58','2013-11-21 05:27:58',NULL,'Y',54124500,'SJ-1311-0047'),('FJ-1311-0264',5,'C0001',47,'2013-11-22 05:13:26','2013-11-22 05:28:26',NULL,'Y',52265000,'SJ-1311-0047'),('FJ-1311-0265',5,'C0001',47,'2013-11-23 05:13:51','2013-11-23 05:28:51',NULL,'Y',45507500,'SJ-1311-0047'),('FJ-1311-0266',5,'C0001',48,'2013-11-25 05:16:07','2013-11-25 05:31:07',NULL,'Y',50229000,'SJ-1311-0048'),('FJ-1311-0267',5,'C0002',48,'2013-11-26 05:16:32','2013-11-26 05:31:32',NULL,'Y',32916500,'SJ-1311-0048'),('FJ-1311-0268',5,'C0001',48,'2013-11-27 05:16:58','2013-11-27 05:31:58',NULL,'Y',50958000,'SJ-1311-0048'),('FJ-1311-0269',5,'C0002',48,'2013-11-28 05:17:22','2013-11-28 05:32:22',NULL,'Y',53575000,'SJ-1311-0048'),('FJ-1311-0270',5,'C0001',48,'2013-11-29 05:17:48','2013-11-29 05:32:48',NULL,'Y',34094000,'SJ-1311-0048'),('FJ-1311-0271',5,'C0001',48,'2013-11-30 05:18:16','2013-11-30 05:33:16',NULL,'Y',60681500,'SJ-1311-0048'),('FJ-1312-0272',5,'C0001',49,'2013-12-02 05:23:40','2013-12-02 05:38:40',NULL,'Y',38693500,'SJ-1312-0049'),('FJ-1312-0273',5,'C0001',49,'2013-12-03 05:24:43','2013-12-03 05:39:43',NULL,'Y',44705500,'SJ-1312-0049'),('FJ-1312-0274',5,'C0001',49,'2013-12-04 05:25:11','2013-12-04 05:40:11',NULL,'Y',28154000,'SJ-1312-0049'),('FJ-1312-0275',5,'C0001',49,'2013-12-05 05:25:33','2013-12-05 05:40:33',NULL,'Y',48261000,'SJ-1312-0049'),('FJ-1312-0276',5,'C0002',49,'2013-12-06 05:26:00','2013-12-06 05:41:00',NULL,'Y',23944500,'SJ-1312-0049'),('FJ-1312-0277',5,'C0002',49,'2013-12-07 05:26:27','2013-12-07 05:41:27',NULL,'Y',35532500,'SJ-1312-0049'),('FJ-1312-0278',5,'C0002',50,'2013-12-09 05:26:50','2013-12-09 05:41:50',NULL,'Y',33643500,'SJ-1312-0050'),('FJ-1312-0279',5,'C0001',50,'2013-12-10 05:27:17','2013-12-10 05:42:17',NULL,'Y',55146500,'SJ-1312-0050'),('FJ-1312-0280',5,'C0002',50,'2013-12-11 05:28:02','2013-12-11 05:43:02',NULL,'Y',72732000,'SJ-1312-0050'),('FJ-1312-0281',5,'C0002',50,'2013-12-12 05:28:38','2013-12-12 05:43:38',NULL,'Y',54182000,'SJ-1312-0050'),('FJ-1312-0282',5,'C0001',50,'2013-12-13 05:33:06','2013-12-13 05:48:06',NULL,'Y',50176000,'SJ-1312-0050'),('FJ-1312-0283',5,'C0001',50,'2013-12-14 05:34:10','2013-12-14 05:49:10',NULL,'Y',48416500,'SJ-1312-0050'),('FJ-1312-0284',5,'C0001',51,'2013-12-16 13:26:04','2013-12-16 13:41:04',NULL,'Y',22717000,'SJ-1312-0051'),('FJ-1312-0285',5,'C0001',51,'2013-12-17 13:27:24','2013-12-17 13:42:24',NULL,'Y',52411000,'SJ-1312-0051'),('FJ-1312-0286',5,'C0001',51,'2013-12-18 13:27:59','2013-12-18 13:42:59',NULL,'Y',49390000,'SJ-1312-0051'),('FJ-1312-0287',5,'C0001',51,'2013-12-19 13:29:07','2013-12-19 13:44:07',NULL,'Y',45273000,'SJ-1312-0051'),('FJ-1312-0288',5,'C0002',51,'2013-12-20 13:29:59','2013-12-20 13:44:59',NULL,'Y',23039500,'SJ-1312-0051'),('FJ-1312-0289',5,'C0001',51,'2013-12-21 13:30:31','2013-12-21 13:45:31',NULL,'Y',46439500,'SJ-1312-0051'),('FJ-1312-0290',5,'C0002',52,'2013-12-23 13:31:03','2013-12-23 13:46:03',NULL,'Y',64141500,'SJ-1312-0052'),('FJ-1312-0291',5,'C0002',52,'2013-12-24 13:31:45','2013-12-24 13:46:45',NULL,'Y',66321500,'SJ-1312-0052'),('FJ-1312-0292',5,'C0002',52,'2013-12-26 13:32:40','2013-12-26 13:47:40',NULL,'Y',81663500,'SJ-1312-0052'),('FJ-1312-0293',5,'C0002',52,'2013-12-27 13:33:15','2013-12-27 13:48:15',NULL,'Y',55348000,'SJ-1312-0052'),('FJ-1312-0294',5,'C0002',52,'2013-12-28 13:33:47','2013-12-28 13:48:47',NULL,'Y',56892000,'SJ-1312-0052'),('FJ-1312-0295',5,'C0001',53,'2013-12-30 13:37:04','2013-12-30 13:52:04',NULL,'Y',68000000,'SJ-1312-0053'),('FJ-1312-0296',5,'C0002',53,'2013-12-31 13:38:00','2013-12-31 13:53:00',NULL,'Y',56525500,'SJ-1312-0053'),('FJ-1506-0300',5,'C0001',23,'2015-06-03 00:14:59',NULL,NULL,'N',413500,NULL),('FJ-1506-0301',5,'C0001',23,'2015-06-03 21:14:47',NULL,NULL,'N',3622500,NULL),('FJ-1506-0302',5,'C0001',24,'2015-06-13 12:25:43',NULL,NULL,'N',1087500,NULL),('FJ-1506-0303',5,'C0001',26,'2015-06-26 21:05:50',NULL,NULL,'N',779500,NULL);

/*Table structure for table `profil` */

DROP TABLE IF EXISTS `profil`;

CREATE TABLE `profil` (
  `nama_perusahaan` varchar(100) DEFAULT NULL,
  `email` varchar(100) DEFAULT NULL,
  `rek_bni` varchar(100) DEFAULT NULL,
  `rek_bca` varchar(100) DEFAULT NULL,
  `rek_bri` varchar(100) DEFAULT NULL,
  `logo` varchar(100) DEFAULT NULL
) ENGINE=InnoDB DEFAULT CHARSET=latin1;

/*Data for the table `profil` */

/*Table structure for table `purchasing` */

DROP TABLE IF EXISTS `purchasing`;

CREATE TABLE `purchasing` (
  `id_purchasing` varchar(15) NOT NULL,
  `id_karyawan` int(11) DEFAULT NULL,
  `id_supplier` varchar(10) DEFAULT NULL,
  `minggu` int(11) DEFAULT NULL,
  `tgl_pengajuan` timestamp NOT NULL DEFAULT CURRENT_TIMESTAMP,
  `tgl_pemesanan` datetime DEFAULT NULL,
  `tgl_penerimaan` datetime DEFAULT NULL,
  `no_faktur` varchar(15) DEFAULT NULL,
  `catatan` text,
  `status` enum('Y','N') DEFAULT 'N',
  `total` int(11) DEFAULT NULL,
  PRIMARY KEY (`id_purchasing`),
  KEY `id_karyawan` (`id_karyawan`),
  KEY `id_supplier` (`id_supplier`),
  CONSTRAINT `purchasing_ibfk_2` FOREIGN KEY (`id_supplier`) REFERENCES `supplier` (`id_supplier`) ON DELETE NO ACTION ON UPDATE CASCADE
) ENGINE=InnoDB DEFAULT CHARSET=latin1;

/*Data for the table `purchasing` */

insert  into `purchasing`(`id_purchasing`,`id_karyawan`,`id_supplier`,`minggu`,`tgl_pengajuan`,`tgl_pemesanan`,`tgl_penerimaan`,`no_faktur`,`catatan`,`status`,`total`) values ('PO-1301-0001',1,'S0001',1,'2013-01-02 17:36:46','2013-01-02 17:51:46','2013-01-09 17:36:46','PJ-1301-0001','Jumlah Barang Pas','Y',179800000),('PO-1301-0002',1,'S0001',1,'2013-01-05 17:41:04','2013-01-05 17:56:04','2013-01-12 17:41:04','PJ-1301-0001','Jumlah Barang Pas','Y',125225000),('PO-1301-0003',1,'S0001',2,'2013-01-08 17:43:39','2013-01-08 17:58:39','2013-01-15 17:43:39','PJ-1301-0002','Jumlah Barang Pas','Y',35500000),('PO-1301-0004',1,'S0001',2,'2013-01-10 17:47:39','2013-01-10 18:02:39','2013-01-17 17:47:39','PJ-1301-0002','Jumlah Barang Pas','Y',79235000),('PO-1301-0005',1,'S0001',2,'2013-01-12 17:51:09','2013-01-12 18:06:09','2013-01-19 17:51:09','PJ-1301-0002','Jumlah Barang Pas','Y',106500000),('PO-1301-0006',1,'S0001',4,'2013-01-21 17:53:16','2013-01-21 18:08:16','2013-01-28 17:53:16','PJ-1301-0004','Jumlah Barang Pas','Y',79235000),('PO-1301-0007',1,'S0001',4,'2013-01-25 17:54:42','2013-01-25 18:09:42','2013-02-01 17:54:42','PJ-1301-0004','Jumlah Barang Pas','Y',106500000),('PO-1301-0008',1,'S0001',5,'2013-01-28 17:59:24','2013-01-28 18:14:24','2013-02-04 17:59:24','PJ-1301-0005','Jumlah Barang Pas','Y',106250000),('PO-1301-0009',1,'S0001',5,'2013-01-29 18:00:35','2013-01-29 18:15:35','2013-02-05 18:00:35','PJ-1301-0005','Jumlah Barang Pas','Y',194485000),('PO-1302-0010',1,'S0001',5,'2013-02-02 18:52:17','2013-02-02 19:07:17','2013-02-09 18:52:17','PJ-1302-0005','Jumlah Barang Pas','Y',18285000),('PO-1302-0011',1,'S0001',7,'2013-02-13 18:52:54','2013-02-13 19:07:54','2013-02-20 18:52:54','PJ-1302-0007','Jumlah Barang Pas','Y',79235000),('PO-1302-0012',1,'S0001',7,'2013-02-14 18:53:40','2013-02-14 19:08:40','2013-02-21 18:53:40','PJ-1302-0007','Jumlah Barang Pas','Y',107300000),('PO-1302-0013',1,'S0001',8,'2013-02-19 18:54:29','2013-02-19 19:09:29','2013-02-26 18:54:29','PJ-1302-0008','Jumlah Barang Pas','Y',47250000),('PO-1302-0014',1,'S0001',8,'2013-02-20 18:55:05','2013-02-20 19:10:05','2013-02-27 18:55:05','PJ-1302-0008','Jumlah Barang Pas','Y',43725000),('PO-1302-0015',1,'S0001',9,'2013-02-27 18:56:28','2013-02-27 19:11:28','2013-03-06 18:56:28','PJ-1302-0009','Jumlah Barang Pas','Y',79235000),('PO-1303-0016',1,'S0001',9,'2013-03-01 19:20:25','2013-03-01 19:35:25','2013-03-08 19:20:25','PJ-1303-0009','Jumlah Barang Pas','Y',151750000),('PO-1303-0017',1,'S0001',10,'2013-03-04 19:20:59','2013-03-04 19:35:59','2013-03-11 19:20:59','PJ-1303-0010','Jumlah Barang Pas','Y',7950000),('PO-1303-0018',1,'S0001',10,'2013-03-05 19:21:28','2013-03-05 19:36:28','2013-03-12 19:21:28','PJ-1303-0010','Jumlah Barang Pas','Y',79235000),('PO-1303-0019',1,'S0001',11,'2013-03-11 19:22:04','2013-03-11 19:37:04','2013-03-18 19:22:04','PJ-1303-0011','Jumlah Barang Pas','Y',51750000),('PO-1303-0020',1,'S0001',11,'2013-03-14 19:22:57','2013-03-14 19:37:57','2013-03-21 19:22:57','PJ-1303-0011','Jumlah Barang Pas','Y',57225000),('PO-1303-0021',1,'S0001',11,'2013-03-16 19:23:48','2013-03-16 19:38:48','2013-03-23 19:23:48','PJ-1303-0011','Jumlah Barang Pas','Y',54840000),('PO-1303-0022',1,'S0001',12,'2013-03-19 19:24:35','2013-03-19 19:39:35','2013-03-26 19:24:35','PJ-1303-0012','Jumlah Barang Pas','Y',105735000),('PO-1303-0023',1,'S0001',12,'2013-03-22 19:25:26','2013-03-22 19:40:26','2013-03-29 19:25:26','PJ-1303-0012','Jumlah Barang Pas','Y',69680000),('PO-1303-0024',1,'S0001',12,'2013-03-23 19:25:44','2013-03-23 19:40:44','2013-03-30 19:25:44','PJ-1303-0012','Jumlah Barang Pas','Y',13250000),('PO-1303-0025',1,'S0001',13,'2013-03-26 19:26:47','2013-03-26 19:41:47','2013-04-02 19:26:47','PJ-1303-0013','Jumlah Barang Pas','Y',132485000),('PO-1303-0026',1,'S0001',13,'2013-03-27 19:27:27','2013-03-27 19:42:27','2013-04-03 19:27:27','PJ-1303-0013','Jumlah Barang Pas','Y',53250000),('PO-1303-0027',1,'S0001',13,'2013-03-28 19:28:16','2013-03-28 19:43:16','2013-04-04 19:28:16','PJ-1303-0013','Jumlah Barang Pas','Y',58020000),('PO-1304-0028',1,'S0001',14,'2013-04-01 19:43:45','2013-04-01 19:58:45','2013-04-08 19:43:45','PJ-1304-0014','Jumlah Barang Pas','Y',30475000),('PO-1304-0029',1,'S0001',14,'2013-04-02 19:44:04','2013-04-02 19:59:04','2013-04-09 19:44:04','PJ-1304-0014','Jumlah Barang Pas','Y',13250000),('PO-1304-0030',1,'S0001',14,'2013-04-06 19:44:47','2013-04-06 19:59:47','2013-04-13 19:44:47','PJ-1304-0014','Jumlah Barang Pas','Y',53250000),('PO-1304-0031',1,'S0001',15,'2013-04-08 19:45:27','2013-04-08 20:00:27','2013-04-15 19:45:27','PJ-1304-0015','Jumlah Barang Pas','Y',104675000),('PO-1304-0032',1,'S0001',15,'2013-04-11 19:46:12','2013-04-11 20:01:12','2013-04-18 19:46:12','PJ-1304-0015','Jumlah Barang Pas','Y',53250000),('PO-1304-0033',1,'S0001',16,'2013-04-15 19:46:58','2013-04-15 20:01:58','2013-04-22 19:46:58','PJ-1304-0016','Jumlah Barang Pas','Y',53250000),('PO-1304-0034',1,'S0001',16,'2013-04-19 19:47:56','2013-04-19 20:02:56','2013-04-26 19:47:56','PJ-1304-0016','Jumlah Barang Pas','Y',95915000),('PO-1304-0035',1,'S0001',16,'2013-04-20 19:48:32','2013-04-20 20:03:32','2013-04-27 19:48:32','PJ-1304-0016','Jumlah Barang Pas','Y',36835000),('PO-1304-0036',1,'S0001',17,'2013-04-22 19:49:00','2013-04-22 20:04:00','2013-04-29 19:49:00','PJ-1304-0017','Jumlah Barang Pas','Y',48750000),('PO-1304-0037',1,'S0001',17,'2013-04-24 19:49:41','2013-04-24 20:04:41','2013-05-01 19:49:41','PJ-1304-0017','Jumlah Barang Pas','Y',48750000),('PO-1304-0038',1,'S0001',18,'2013-04-29 19:49:59','2013-04-29 20:04:59','2013-05-06 19:49:59','PJ-1304-0018','Jumlah Barang Pas','Y',79235000),('PO-1305-0039',1,'S0001',18,'2013-05-02 21:51:22','2013-05-02 22:06:22','2013-05-09 21:51:22','PJ-1305-0018','Jumlah Barang Pas','Y',53250000),('PO-1305-0040',1,'S0001',18,'2013-05-03 21:52:14','2013-05-03 22:07:14','2013-05-10 21:52:14','PJ-1305-0018','Jumlah Barang Pas','Y',183485000),('PO-1305-0041',1,'S0001',19,'2013-05-06 21:53:08','2013-05-06 22:08:08','2013-05-13 21:53:08','PJ-1305-0019','Jumlah Barang Pas','Y',102750000),('PO-1305-0042',1,'S0001',19,'2013-05-07 21:54:01','2013-05-07 22:09:01','2013-05-14 21:54:01','PJ-1305-0019','Jumlah Barang Pas','Y',50250000),('PO-1305-0043',1,'S0001',19,'2013-05-10 21:54:38','2013-05-10 22:09:38','2013-05-17 21:54:38','PJ-1305-0019','Jumlah Barang Pas','Y',69725000),('PO-1305-0044',1,'S0001',20,'2013-05-13 21:56:35','2013-05-13 22:11:35','2013-05-20 21:56:35','PJ-1305-0020','Jumlah Barang Pas','Y',79235000),('PO-1305-0045',1,'S0001',20,'2013-05-16 21:57:14','2013-05-16 22:12:14','2013-05-23 21:57:14','PJ-1305-0020','Jumlah Barang Pas','Y',42347000),('PO-1305-0046',1,'S0001',20,'2013-05-17 21:57:51','2013-05-17 22:12:51','2013-05-24 21:57:51','PJ-1305-0020','Jumlah Barang Pas','Y',51750000),('PO-1305-0047',1,'S0001',20,'2013-05-18 21:58:15','2013-05-18 22:13:15','2013-05-25 21:58:15','PJ-1305-0020','Jumlah Barang Pas','Y',7950000),('PO-1305-0048',1,'S0001',21,'2013-05-20 21:58:47','2013-05-20 22:13:47','2013-05-27 21:58:47','PJ-1305-0021','Jumlah Barang Pas','Y',51750000),('PO-1305-0049',1,'S0001',21,'2013-05-21 21:59:42','2013-05-21 22:14:42','2013-05-28 21:59:42','PJ-1305-0021','Jumlah Barang Pas','Y',200710000),('PO-1305-0050',1,'S0001',21,'2013-05-22 22:00:27','2013-05-22 22:15:27','2013-05-29 22:00:27','PJ-1305-0021','Jumlah Barang Pas','Y',57694000),('PO-1305-0051',1,'S0001',21,'2013-05-24 22:01:08','2013-05-24 22:16:08','2013-05-31 22:01:08','PJ-1305-0021','Jumlah Barang Pas','Y',92830000),('PO-1305-0052',1,'S0001',22,'2013-05-27 22:01:36','2013-05-27 22:16:36','2013-06-03 22:01:36','PJ-1305-0022','Jumlah Barang Pas','Y',51750000),('PO-1305-0053',1,'S0001',22,'2013-05-29 22:02:13','2013-05-29 22:17:13','2013-06-05 22:02:13','PJ-1305-0022','Jumlah Barang Pas','Y',51750000),('PO-1305-0054',1,'S0001',22,'2013-05-31 22:02:35','2013-05-31 22:17:35','2013-06-07 22:02:35','PJ-1305-0022','Jumlah Barang Pas','Y',53000000),('PO-1306-0055',1,'S0001',23,'2013-06-04 22:22:49','2013-06-04 22:37:49','2013-06-11 22:22:49','PJ-1306-0023','Jumlah Barang Pas','Y',87185000),('PO-1306-0056',1,'S0001',23,'2013-06-07 22:23:56','2013-06-07 22:38:56','2013-06-14 22:23:56','PJ-1306-0023','Jumlah Barang Pas','Y',51000000),('PO-1306-0057',1,'S0001',24,'2013-06-11 22:24:56','2013-06-11 22:39:56','2013-06-18 22:24:56','PJ-1306-0024','Jumlah Barang Pas','Y',222400000),('PO-1306-0058',1,'S0001',24,'2013-06-14 22:25:45','2013-06-14 22:40:45','2013-06-21 22:25:45','PJ-1306-0024','Jumlah Barang Pas','Y',154325000),('PO-1306-0059',1,'S0001',24,'2013-06-15 22:26:10','2013-06-15 22:41:10','2013-06-22 22:26:10','PJ-1306-0024','Jumlah Barang Pas','Y',10600000),('PO-1306-0060',1,'S0001',25,'2013-06-17 22:26:58','2013-06-17 22:41:58','2013-06-24 22:26:58','PJ-1306-0025','Jumlah Barang Pas','Y',202675000),('PO-1306-0061',1,'S0001',25,'2013-06-19 22:27:22','2013-06-19 22:42:22','2013-06-26 22:27:22','PJ-1306-0025','Jumlah Barang Pas','Y',79235000),('PO-1306-0062',1,'S0001',25,'2013-06-20 22:27:47','2013-06-20 22:42:47','2013-06-27 22:27:47','PJ-1306-0025','Jumlah Barang Pas','Y',39750000),('PO-1306-0063',1,'S0001',26,'2013-06-24 22:28:21','2013-06-24 22:43:21','2013-07-01 22:28:21','PJ-1306-0026','Jumlah Barang Pas','Y',104250000),('PO-1306-0064',1,'S0001',26,'2013-06-25 22:28:45','2013-06-25 22:43:45','2013-07-02 22:28:45','PJ-1306-0026','Jumlah Barang Pas','Y',79235000),('PO-1306-0065',1,'S0001',26,'2013-06-26 22:29:21','2013-06-26 22:44:21','2013-07-03 22:29:21','PJ-1306-0026','Jumlah Barang Pas','Y',51750000),('PO-1306-0066',1,'S0001',26,'2013-06-27 22:30:05','2013-06-27 22:45:05','2013-07-04 22:30:05','PJ-1306-0026','Jumlah Barang Pas','Y',89835000),('PO-1307-0067',1,'S0001',27,'2013-07-02 22:40:27','2013-07-02 22:55:27','2013-07-09 22:40:27','PJ-1307-0027','Jumlah Barang Pas','Y',103500000),('PO-1307-0068',1,'S0001',27,'2013-07-03 22:41:37','2013-07-03 22:56:37','2013-07-10 22:41:37','PJ-1307-0027','Jumlah Barang Pas','Y',174725000),('PO-1307-0069',1,'S0001',27,'2013-07-05 22:43:53','2013-07-05 22:58:53','2013-07-12 22:43:53','PJ-1307-0027','Jumlah Barang Pas','Y',37630000),('PO-1307-0070',1,'S0001',28,'2013-07-08 22:44:30','2013-07-08 22:59:30','2013-07-15 22:44:30','PJ-1307-0028','Jumlah Barang Pas','Y',51750000),('PO-1307-0071',1,'S0001',28,'2013-07-10 22:45:52','2013-07-10 23:00:52','2013-07-17 22:45:52','PJ-1307-0028','Jumlah Barang Pas','Y',132485000),('PO-1307-0072',1,'S0001',28,'2013-07-12 22:46:31','2013-07-12 23:01:31','2013-07-19 22:46:31','PJ-1307-0028','Jumlah Barang Pas','Y',53250000),('PO-1307-0073',1,'S0001',28,'2013-07-13 22:47:00','2013-07-13 23:02:00','2013-07-20 22:47:00','PJ-1307-0028','Jumlah Barang Pas','Y',37762500),('PO-1307-0074',1,'S0001',29,'2013-07-15 22:47:30','2013-07-15 23:02:30','2013-07-22 22:47:30','PJ-1307-0029','Jumlah Barang Pas','Y',106500000),('PO-1307-0075',1,'S0001',29,'2013-07-17 22:47:54','2013-07-17 23:02:54','2013-07-24 22:47:54','PJ-1307-0029','Jumlah Barang Pas','Y',79235000),('PO-1307-0076',1,'S0001',29,'2013-07-19 22:48:59','2013-07-19 23:03:59','2013-07-26 22:48:59','PJ-1307-0029','Jumlah Barang Pas','Y',104650000),('PO-1307-0077',1,'S0001',30,'2013-07-22 22:49:39','2013-07-22 23:04:39','2013-07-29 22:49:39','PJ-1307-0030','Jumlah Barang Pas','Y',60850000),('PO-1307-0078',1,'S0001',30,'2013-07-23 22:50:13','2013-07-23 23:05:13','2013-07-30 22:50:13','PJ-1307-0030','Jumlah Barang Pas','Y',70185000),('PO-1307-0079',1,'S0001',30,'2013-07-24 22:50:57','2013-07-24 23:05:57','2013-07-31 22:50:57','PJ-1307-0030','Jumlah Barang Pas','Y',70185000),('PO-1307-0080',1,'S0001',30,'2013-07-26 22:51:34','2013-07-26 23:06:34','2013-08-02 22:51:34','PJ-1307-0030','Jumlah Barang Pas','Y',51750000),('PO-1307-0081',1,'S0001',30,'2013-07-27 22:51:49','2013-07-27 23:06:49','2013-08-03 22:51:49','PJ-1307-0030','Jumlah Barang Pas','Y',79235000),('PO-1307-0082',1,'S0001',31,'2013-07-30 22:52:45','2013-07-30 23:07:45','2013-08-06 22:52:45','PJ-1307-0031','Jumlah Barang Pas','Y',73660000),('PO-1307-0083',1,'S0001',31,'2013-07-31 22:53:07','2013-07-31 23:08:07','2013-08-07 22:53:07','PJ-1307-0031','Jumlah Barang Pas','Y',103500000),('PO-1308-0084',1,'S0001',33,'2013-08-15 23:09:01','2013-08-15 23:24:01','2013-08-22 23:09:01','PJ-1308-0033','Jumlah Barang Pas','Y',51750000),('PO-1308-0085',1,'S0001',33,'2013-08-16 23:09:43','2013-08-16 23:24:43','2013-08-23 23:09:43','PJ-1308-0033','Jumlah Barang Pas','Y',53250000),('PO-1308-0086',1,'S0001',34,'2013-08-19 23:10:11','2013-08-19 23:25:11','2013-08-26 23:10:11','PJ-1308-0034','Jumlah Barang Pas','Y',79235000),('PO-1308-0087',1,'S0001',34,'2013-08-21 23:11:14','2013-08-21 23:26:14','2013-08-28 23:11:14','PJ-1308-0034','Jumlah Barang Pas','Y',105000000),('PO-1308-0088',1,'S0001',34,'2013-08-22 23:11:54','2013-08-22 23:26:54','2013-08-29 23:11:54','PJ-1308-0034','Jumlah Barang Pas','Y',144985000),('PO-1308-0089',1,'S0001',34,'2013-08-23 23:12:24','2013-08-23 23:27:24','2013-08-30 23:12:24','PJ-1308-0034','Jumlah Barang Pas','Y',52500000),('PO-1308-0090',1,'S0001',35,'2013-08-26 23:12:54','2013-08-26 23:27:54','2013-09-02 23:12:54','PJ-1308-0035','Jumlah Barang Pas','Y',33200000),('PO-1308-0091',1,'S0001',35,'2013-08-27 23:13:24','2013-08-27 23:28:24','2013-09-03 23:13:24','PJ-1308-0035','Jumlah Barang Pas','Y',42271000),('PO-1308-0092',1,'S0001',35,'2013-08-29 23:14:33','2013-08-29 23:29:33','2013-09-05 23:14:33','PJ-1308-0035','Jumlah Barang Pas','Y',131470000),('PO-1308-0093',1,'S0001',35,'2013-08-30 23:15:07','2013-08-30 23:30:07','2013-09-06 23:15:07','PJ-1308-0035','Jumlah Barang Pas','Y',89225000),('PO-1308-0094',1,'S0001',35,'2013-08-31 23:15:25','2013-08-31 23:30:25','2013-09-07 23:15:25','PJ-1308-0035','Jumlah Barang Pas','Y',35275000),('PO-1309-0095',1,'S0001',36,'2013-09-02 23:31:49','2013-09-02 23:46:49','2013-09-09 23:31:49','PJ-1309-0036','Jumlah Barang Pas','Y',79500000),('PO-1309-0096',1,'S0001',36,'2013-09-03 23:32:32','2013-09-03 23:47:32','2013-09-10 23:32:32','PJ-1309-0036','Jumlah Barang Pas','Y',210970000),('PO-1309-0097',1,'S0001',36,'2013-09-04 23:39:44','2013-09-04 23:54:44','2013-09-11 23:39:44','PJ-1309-0036','Jumlah Barang Pas','Y',60500000),('PO-1309-0098',1,'S0001',36,'2013-09-05 23:47:29','2013-09-06 00:02:29','2013-09-12 23:47:29','PJ-1309-0036','Jumlah Barang Pas','Y',60500000),('PO-1309-0099',1,'S0001',36,'2013-09-06 23:47:57','2013-09-07 00:02:57','2013-09-13 23:47:57','PJ-1309-0036','Jumlah Barang Pas','Y',73995000),('PO-1309-0100',1,'S0001',37,'2013-09-09 23:48:34','2013-09-10 00:03:34','2013-09-16 23:48:34','PJ-1309-0037','Jumlah Barang Pas','Y',189962500),('PO-1309-0101',1,'S0001',37,'2013-09-10 23:49:02','2013-09-11 00:04:02','2013-09-17 23:49:02','PJ-1309-0037','Jumlah Barang Pas','Y',71845000),('PO-1309-0102',1,'S0001',37,'2013-09-12 23:49:42','2013-09-13 00:04:42','2013-09-19 23:49:42','PJ-1309-0037','Jumlah Barang Pas','Y',52500000),('PO-1309-0103',1,'S0001',37,'2013-09-14 23:56:05','2013-09-15 00:11:05','2013-09-21 23:56:05','PJ-1309-0037','Jumlah Barang Pas','Y',79235000),('PO-1309-0104',1,'S0001',38,'2013-09-16 23:56:29','2013-09-17 00:11:29','2013-09-23 23:56:29','PJ-1309-0038','Jumlah Barang Pas','Y',41075000),('PO-1309-0105',1,'S0001',38,'2013-09-20 23:57:05','2013-09-21 00:12:05','2013-09-27 23:57:05','PJ-1309-0038','Jumlah Barang Pas','Y',73750000),('PO-1310-0106',1,'S0001',40,'2013-10-01 00:08:18','2013-10-01 00:23:18','2013-10-08 00:08:18','PJ-1310-0040','Jumlah Barang Pas','Y',50250000),('PO-1310-0107',1,'S0001',40,'2013-10-02 00:08:42','2013-10-02 00:23:42','2013-10-09 00:08:42','PJ-1310-0040','Jumlah Barang Pas','Y',60500000),('PO-1310-0108',1,'S0001',40,'2013-10-03 00:08:56','2013-10-03 00:23:56','2013-10-10 00:08:56','PJ-1310-0040','Jumlah Barang Pas','Y',91425000),('PO-1310-0109',1,'S0001',40,'2013-10-04 00:09:15','2013-10-04 00:24:15','2013-10-11 00:09:15','PJ-1310-0040','Jumlah Barang Pas','Y',39750000),('PO-1310-0110',1,'S0001',40,'2013-10-05 00:09:54','2013-10-05 00:24:54','2013-10-12 00:09:54','PJ-1310-0040','Jumlah Barang Pas','Y',52500000),('PO-1310-0111',1,'S0001',41,'2013-10-08 00:10:25','2013-10-08 00:25:25','2013-10-15 00:10:25','PJ-1310-0041','Jumlah Barang Pas','Y',52500000),('PO-1310-0112',1,'S0001',41,'2013-10-12 00:10:57','2013-10-12 00:25:57','2013-10-19 00:10:57','PJ-1310-0041','Jumlah Barang Pas','Y',122010000),('PO-1310-0113',1,'S0001',42,'2013-10-16 00:11:27','2013-10-16 00:26:27','2013-10-23 00:11:27','PJ-1310-0042','Jumlah Barang Pas','Y',59125000),('PO-1310-0114',1,'S0001',42,'2013-10-19 00:11:52','2013-10-19 00:26:52','2013-10-26 00:11:52','PJ-1310-0042','Jumlah Barang Pas','Y',52500000),('PO-1310-0115',1,'S0001',43,'2013-10-22 00:12:31','2013-10-22 00:27:31','2013-10-29 00:12:31','PJ-1310-0043','Jumlah Barang Pas','Y',52500000),('PO-1310-0116',1,'S0001',43,'2013-10-24 00:13:09','2013-10-24 00:28:09','2013-10-31 00:13:09','PJ-1310-0043','Jumlah Barang Pas','Y',184235000),('PO-1310-0117',1,'S0001',44,'2013-10-31 00:13:39','2013-10-31 00:28:39','2013-11-07 00:13:39','PJ-1310-0044','Jumlah Barang Pas','Y',79700000),('PO-1311-0118',1,'S0001',44,'2013-11-01 00:20:20','2013-11-01 00:35:20','2013-11-08 00:20:20','PJ-1311-0044','Jumlah Barang Pas','Y',116800000),('PO-1311-0119',1,'S0001',45,'2013-11-04 00:20:53','2013-11-04 00:35:53','2013-11-11 00:20:53','PJ-1311-0045','Jumlah Barang Pas','Y',127985000),('PO-1311-0120',1,'S0001',45,'2013-11-05 00:28:34','2013-11-05 00:43:34','2013-11-12 00:28:34','PJ-1311-0045','Jumlah Barang Pas','Y',13250000),('PO-1311-0121',1,'S0001',45,'2013-11-07 00:28:34','2013-11-07 00:43:34','2013-11-14 00:28:34','PJ-1311-0045','Jumlah Barang Pas','Y',51000000),('PO-1311-0122',1,'S0001',45,'2013-11-08 00:29:53','2013-11-08 00:44:53','2013-11-15 00:29:53','PJ-1311-0045','Jumlah Barang Pas','Y',51000000),('PO-1311-0123',1,'S0001',46,'2013-11-11 00:32:30','2013-11-11 00:47:30','2013-11-18 00:32:30','PJ-1311-0046','Jumlah Barang Pas','Y',103500000),('PO-1311-0124',1,'S0001',46,'2013-11-12 00:33:13','2013-11-12 00:48:13','2013-11-19 00:33:13','PJ-1311-0046','Jumlah Barang Pas','Y',139735000),('PO-1311-0125',1,'S0001',46,'2013-11-13 00:33:47','2013-11-13 00:48:47','2013-11-20 00:33:47','PJ-1311-0046','Jumlah Barang Pas','Y',52987500),('PO-1311-0126',1,'S0001',47,'2013-11-18 00:34:08','2013-11-18 00:49:08','2013-11-25 00:34:08','PJ-1311-0047','Jumlah Barang Pas','Y',7950000),('PO-1311-0127',1,'S0001',47,'2013-11-21 00:34:46','2013-11-21 00:49:46','2013-11-28 00:34:46','PJ-1311-0047','Jumlah Barang Pas','Y',51000000),('PO-1311-0128',1,'S0001',47,'2013-11-22 00:35:19','2013-11-22 00:50:19','2013-11-29 00:35:19','PJ-1311-0047','Jumlah Barang Pas','Y',51750000),('PO-1311-0129',1,'S0001',48,'2013-11-26 00:39:02','2013-11-26 00:54:02','2013-12-03 00:39:02','PJ-1311-0048','Jumlah Barang Pas','Y',51000000),('PO-1311-0130',1,'S0001',48,'2013-11-27 00:41:10','2013-11-27 00:56:10','2013-12-04 00:41:10','PJ-1311-0048','Jumlah Barang Pas','Y',190688000),('PO-1311-0131',1,'S0001',48,'2013-11-29 00:42:26','2013-11-29 00:57:26','2013-12-06 00:42:26','PJ-1311-0048','Jumlah Barang Pas','Y',102000000),('PO-1312-0132',1,'S0001',49,'2013-12-03 01:01:28','2013-12-03 01:16:28','2013-12-10 01:16:28','PJ-1312-0049','Jumlah Barang Pas','Y',78705000),('PO-1312-0133',1,'S0001',50,'2013-12-09 01:02:03','2013-12-09 01:17:03','2013-12-16 01:17:03','PJ-1312-0050','Jumlah Barang Pas','Y',52500000),('PO-1312-0134',1,'S0001',50,'2013-12-10 01:02:51','2013-12-10 01:17:51','2013-12-17 01:17:51','PJ-1312-0050','Jumlah Barang Pas','Y',131735000),('PO-1312-0135',1,'S0001',50,'2013-12-11 01:03:32','2013-12-11 01:18:32','2013-12-18 01:18:32','PJ-1312-0050','Jumlah Barang Pas','Y',124856000),('PO-1312-0136',1,'S0001',50,'2013-12-13 01:04:11','2013-12-13 01:19:11','2013-12-20 01:19:11','PJ-1312-0050','Jumlah Barang Pas','Y',56475000),('PO-1312-0137',1,'S0001',51,'2013-12-17 01:04:49','2013-12-17 01:19:49','2013-12-24 01:19:49','PJ-1312-0051','Jumlah Barang Pas','Y',51750000),('PO-1312-0138',1,'S0001',51,'2013-12-18 01:05:22','2013-12-18 01:20:22','2013-12-25 01:20:22','PJ-1312-0051','Jumlah Barang Pas','Y',92250000),('PO-1312-0139',1,'S0001',51,'2013-12-19 01:05:58','2013-12-19 01:20:58','2013-12-26 01:20:58','PJ-1312-0051','Jumlah Barang Pas','Y',130985000),('PO-1312-0140',1,'S0001',51,'2013-12-20 01:06:31','2013-12-20 01:21:31','2013-12-27 01:21:31','PJ-1312-0051','Jumlah Barang Pas','Y',51000000),('PO-1312-0141',1,'S0001',52,'2013-12-24 01:06:59','2013-12-24 01:21:59','2013-12-31 01:21:59','PJ-1312-0052','Jumlah Barang Pas','Y',79235000),('PO-1312-0142',1,'S0001',52,'2013-12-26 01:07:36','2013-12-26 01:22:36','2014-01-02 01:22:36','PJ-1312-0052','Jumlah Barang Pas','Y',51000000),('PO-1312-0143',1,'S0001',52,'2013-12-27 01:08:04','2013-12-27 01:23:04','2014-01-03 01:23:04','PJ-1312-0052','Jumlah Barang Pas','Y',52500000),('PO-1312-0144',1,'S0001',52,'2013-12-28 01:08:41','2013-12-28 01:23:41','2014-01-04 01:23:41','PJ-1312-0052','Jumlah Barang Pas','Y',51000000),('PO-1312-0145',1,'S0001',53,'2013-12-30 01:09:17','2013-12-30 01:24:17','2014-01-06 01:24:17','PJ-1312-0053','Jumlah Barang Pas','Y',49100000),('PO-1312-0146',1,'S0001',53,'2013-12-31 01:09:38','2013-12-31 01:24:38','2014-01-07 01:24:38','PJ-1312-0053','Jumlah Barang Pas','Y',79235000);

/*Table structure for table `satuan` */

DROP TABLE IF EXISTS `satuan`;

CREATE TABLE `satuan` (
  `id_satuan` int(11) NOT NULL AUTO_INCREMENT,
  `nama_satuan` varchar(50) DEFAULT NULL,
  PRIMARY KEY (`id_satuan`)
) ENGINE=InnoDB AUTO_INCREMENT=3 DEFAULT CHARSET=latin1;

/*Data for the table `satuan` */

insert  into `satuan`(`id_satuan`,`nama_satuan`) values (1,'Sak'),(2,'Lembar');

/*Table structure for table `supplier` */

DROP TABLE IF EXISTS `supplier`;

CREATE TABLE `supplier` (
  `id_supplier` varchar(10) NOT NULL,
  `nama_supplier` varchar(30) DEFAULT NULL,
  `alamat` varchar(30) DEFAULT NULL,
  `telepon` varchar(15) DEFAULT NULL,
  PRIMARY KEY (`id_supplier`)
) ENGINE=InnoDB DEFAULT CHARSET=latin1;

/*Data for the table `supplier` */

insert  into `supplier`(`id_supplier`,`nama_supplier`,`alamat`,`telepon`) values ('S0001','PT. Aplus','Tangerang -  Banten','022221'),('S0002','PT.Jaya Board','Tangerang - Banten','0217977777');

/*Table structure for table `user` */

DROP TABLE IF EXISTS `user`;

CREATE TABLE `user` (
  `id_user` int(11) NOT NULL AUTO_INCREMENT,
  `id_karyawan` int(11) DEFAULT NULL,
  `username` varchar(30) DEFAULT NULL,
  `password` varchar(32) DEFAULT NULL,
  `level` enum('administrator','pimpinan_perusahaan','kepala_gudang','bagian_purchasing','bagian_penjualan') DEFAULT NULL,
  `id_session` varchar(30) DEFAULT NULL,
  PRIMARY KEY (`id_user`),
  KEY `id_karyawan` (`id_karyawan`)
) ENGINE=InnoDB AUTO_INCREMENT=8 DEFAULT CHARSET=latin1;

/*Data for the table `user` */

insert  into `user`(`id_user`,`id_karyawan`,`username`,`password`,`level`,`id_session`) values (1,2,'admin','21232f297a57a5a743894a0e4a801fc3','administrator',NULL),(2,2,'dinda','594280c6ddc94399a392934cac9d80d5','pimpinan_perusahaan',NULL),(3,1,'pimpinan','90973652b88fe07d05a4304f0a945de8','pimpinan_perusahaan',NULL),(4,3,'gudang','202446dd1d6028084426867365b0c7a1','kepala_gudang',NULL),(5,4,'purchasing','74ba4e8291e8b2e40a31a50505f8b72e','bagian_purchasing',NULL),(6,5,'penjualan','13bf2c8effae21d17a277520aa9b9277','bagian_penjualan',NULL),(7,2,'tarkiman','tarkiman','',NULL);

/*Table structure for table `users` */

DROP TABLE IF EXISTS `users`;

CREATE TABLE `users` (
  `username` varchar(50) CHARACTER SET latin1 COLLATE latin1_general_ci NOT NULL,
  `password` varchar(50) CHARACTER SET latin1 COLLATE latin1_general_ci NOT NULL,
  `nama_lengkap` varchar(100) CHARACTER SET latin1 COLLATE latin1_general_ci NOT NULL,
  `email` varchar(100) CHARACTER SET latin1 COLLATE latin1_general_ci NOT NULL,
  `no_telp` varchar(20) CHARACTER SET latin1 COLLATE latin1_general_ci NOT NULL,
  `foto` varchar(100) CHARACTER SET latin1 COLLATE latin1_general_ci DEFAULT 'avatar.png',
  `level` varchar(20) CHARACTER SET latin1 COLLATE latin1_general_ci NOT NULL DEFAULT 'user',
  `status` enum('Y','N') CHARACTER SET latin1 COLLATE latin1_general_ci NOT NULL DEFAULT 'N',
  `id_session` varchar(100) CHARACTER SET latin1 COLLATE latin1_general_ci NOT NULL,
  PRIMARY KEY (`username`)
) ENGINE=InnoDB DEFAULT CHARSET=latin1;

/*Data for the table `users` */

insert  into `users`(`username`,`password`,`nama_lengkap`,`email`,`no_telp`,`foto`,`level`,`status`,`id_session`) values ('aaron','449a36b6689d841d7d27f31b4b7cc73a','Aurelius Aaron','aaron@gmail.com','0895485045958','aaron.jpg','user','Y','mof2as62j2b1038h322ngagfu0'),('admin','21232f297a57a5a743894a0e4a801fc3','Administrator','tarkiman.zone@gmail.com','085222241987','505493diajeng.jpg','admin','Y','9j4dohnrgusp84thukblo5b273'),('tarkiman','d070fc82541618e84313e44f91a67f1c','Tarkiman','tarkiman.zone@gmail.com','085222241987','tarkiman.jpg','admin','Y','t19vh18fc6nbioruhg95ujsf40');

/*Table structure for table `vbarang` */

DROP TABLE IF EXISTS `vbarang`;

/*!50001 DROP VIEW IF EXISTS `vbarang` */;
/*!50001 DROP TABLE IF EXISTS `vbarang` */;

/*!50001 CREATE TABLE  `vbarang`(
 `id_barang` varchar(10) ,
 `id_kategori` int(11) ,
 `nama_kategori` varchar(30) ,
 `nama_barang` varchar(50) ,
 `stok` int(11) ,
 `satuan` varchar(15) ,
 `harga_beli` int(11) ,
 `harga_jual` int(11) ,
 `foto` varchar(50) ,
 `safety_stock` int(11) ,
 `order_quantity` int(11) ,
 `lead_time` int(11) 
)*/;

/*Table structure for table `vnota_penjualan` */

DROP TABLE IF EXISTS `vnota_penjualan`;

/*!50001 DROP VIEW IF EXISTS `vnota_penjualan` */;
/*!50001 DROP TABLE IF EXISTS `vnota_penjualan` */;

/*!50001 CREATE TABLE  `vnota_penjualan`(
 `nama_barang` varchar(50) ,
 `jumlah` int(11) ,
 `satuan` varchar(15) ,
 `harga_jual` int(11) ,
 `id_penjualan` varchar(15) ,
 `id_pengiriman` varchar(15) ,
 `nama_pelanggan` varchar(30) ,
 `alamat` varchar(30) 
)*/;

/*Table structure for table `vpengiriman` */

DROP TABLE IF EXISTS `vpengiriman`;

/*!50001 DROP VIEW IF EXISTS `vpengiriman` */;
/*!50001 DROP TABLE IF EXISTS `vpengiriman` */;

/*!50001 CREATE TABLE  `vpengiriman`(
 `id_pengiriman` varchar(15) ,
 `no_kendaraan` varchar(15) ,
 `nama_driver` varchar(30) ,
 `tgl_pengiriman` datetime 
)*/;

/*Table structure for table `vpenjualan` */

DROP TABLE IF EXISTS `vpenjualan`;

/*!50001 DROP VIEW IF EXISTS `vpenjualan` */;
/*!50001 DROP TABLE IF EXISTS `vpenjualan` */;

/*!50001 CREATE TABLE  `vpenjualan`(
 `id_penjualan` varchar(15) ,
 `id_karyawan` int(11) ,
 `nama_karyawan` varchar(50) ,
 `id_pelanggan` varchar(10) ,
 `nama_pelanggan` varchar(30) ,
 `alamat` varchar(30) ,
 `minggu` int(11) ,
 `tgl_pemesanan` timestamp ,
 `tgl_pengiriman` datetime ,
 `catatan` text ,
 `status` enum('Y','N') ,
 `total` int(11) 
)*/;

/*Table structure for table `vpurchasing` */

DROP TABLE IF EXISTS `vpurchasing`;

/*!50001 DROP VIEW IF EXISTS `vpurchasing` */;
/*!50001 DROP TABLE IF EXISTS `vpurchasing` */;

/*!50001 CREATE TABLE  `vpurchasing`(
 `id_purchasing` varchar(15) ,
 `id_karyawan` int(11) ,
 `nama_karyawan` varchar(50) ,
 `id_supplier` varchar(10) ,
 `nama_supplier` varchar(30) ,
 `minggu` int(11) ,
 `tgl_pengajuan` timestamp ,
 `tgl_pemesanan` datetime ,
 `tgl_penerimaan` datetime ,
 `no_faktur` varchar(15) ,
 `catatan` text ,
 `status` enum('Y','N') ,
 `total` int(11) 
)*/;

/*Table structure for table `vsurat_jalan` */

DROP TABLE IF EXISTS `vsurat_jalan`;

/*!50001 DROP VIEW IF EXISTS `vsurat_jalan` */;
/*!50001 DROP TABLE IF EXISTS `vsurat_jalan` */;

/*!50001 CREATE TABLE  `vsurat_jalan`(
 `nama_barang` varchar(50) ,
 `jumlah` int(11) ,
 `satuan` varchar(15) ,
 `harga_jual` int(11) ,
 `id_penjualan` varchar(15) ,
 `id_pengiriman` varchar(15) ,
 `nama_pelanggan` varchar(30) ,
 `alamat` varchar(30) ,
 `no_kendaraan` varchar(15) ,
 `nama_driver` varchar(30) ,
 `tgl_pengiriman` datetime 
)*/;

/*View structure for view vbarang */

/*!50001 DROP TABLE IF EXISTS `vbarang` */;
/*!50001 DROP VIEW IF EXISTS `vbarang` */;

/*!50001 CREATE ALGORITHM=UNDEFINED DEFINER=`root`@`localhost` SQL SECURITY DEFINER VIEW `vbarang` AS (select `barang`.`id_barang` AS `id_barang`,`barang`.`id_kategori` AS `id_kategori`,`kategori`.`nama_kategori` AS `nama_kategori`,`barang`.`nama_barang` AS `nama_barang`,`barang`.`stok` AS `stok`,`barang`.`satuan` AS `satuan`,`barang`.`harga_beli` AS `harga_beli`,`barang`.`harga_jual` AS `harga_jual`,`barang`.`foto` AS `foto`,`barang`.`safety_stock` AS `safety_stock`,`barang`.`order_quantity` AS `order_quantity`,`barang`.`lead_time` AS `lead_time` from (`barang` join `kategori` on((`barang`.`id_kategori` = `kategori`.`id_kategori`)))) */;

/*View structure for view vnota_penjualan */

/*!50001 DROP TABLE IF EXISTS `vnota_penjualan` */;
/*!50001 DROP VIEW IF EXISTS `vnota_penjualan` */;

/*!50001 CREATE ALGORITHM=UNDEFINED DEFINER=`root`@`localhost` SQL SECURITY DEFINER VIEW `vnota_penjualan` AS (select `barang`.`nama_barang` AS `nama_barang`,`detail_penjualan`.`jumlah` AS `jumlah`,`barang`.`satuan` AS `satuan`,`barang`.`harga_jual` AS `harga_jual`,`penjualan`.`id_penjualan` AS `id_penjualan`,`penjualan`.`id_pengiriman` AS `id_pengiriman`,`pelanggan`.`nama_pelanggan` AS `nama_pelanggan`,`pelanggan`.`alamat` AS `alamat` from (((`penjualan` join `detail_penjualan` on((`penjualan`.`id_penjualan` = `detail_penjualan`.`id_penjualan`))) join `barang` on((`detail_penjualan`.`id_barang` = `barang`.`id_barang`))) join `pelanggan` on((`penjualan`.`id_pelanggan` = `pelanggan`.`id_pelanggan`)))) */;

/*View structure for view vpengiriman */

/*!50001 DROP TABLE IF EXISTS `vpengiriman` */;
/*!50001 DROP VIEW IF EXISTS `vpengiriman` */;

/*!50001 CREATE ALGORITHM=UNDEFINED DEFINER=`root`@`localhost` SQL SECURITY DEFINER VIEW `vpengiriman` AS (select `pengiriman`.`id_pengiriman` AS `id_pengiriman`,`pengiriman`.`no_kendaraan` AS `no_kendaraan`,`driver`.`nama_driver` AS `nama_driver`,`pengiriman`.`tgl_pengiriman` AS `tgl_pengiriman` from ((`pengiriman` join `kendaraan` on((`pengiriman`.`no_kendaraan` = `kendaraan`.`no_kendaraan`))) join `driver` on((`pengiriman`.`id_driver` = `driver`.`id_driver`)))) */;

/*View structure for view vpenjualan */

/*!50001 DROP TABLE IF EXISTS `vpenjualan` */;
/*!50001 DROP VIEW IF EXISTS `vpenjualan` */;

/*!50001 CREATE ALGORITHM=UNDEFINED DEFINER=`root`@`localhost` SQL SECURITY DEFINER VIEW `vpenjualan` AS (select `penjualan`.`id_penjualan` AS `id_penjualan`,`penjualan`.`id_karyawan` AS `id_karyawan`,`karyawan`.`nama_karyawan` AS `nama_karyawan`,`penjualan`.`id_pelanggan` AS `id_pelanggan`,`pelanggan`.`nama_pelanggan` AS `nama_pelanggan`,`pelanggan`.`alamat` AS `alamat`,`penjualan`.`minggu` AS `minggu`,`penjualan`.`tgl_pemesanan` AS `tgl_pemesanan`,`penjualan`.`tgl_pengiriman` AS `tgl_pengiriman`,`penjualan`.`catatan` AS `catatan`,`penjualan`.`status` AS `status`,`penjualan`.`total` AS `total` from ((`penjualan` join `pelanggan` on((`penjualan`.`id_pelanggan` = `pelanggan`.`id_pelanggan`))) join `karyawan` on((`penjualan`.`id_karyawan` = `karyawan`.`id_karyawan`)))) */;

/*View structure for view vpurchasing */

/*!50001 DROP TABLE IF EXISTS `vpurchasing` */;
/*!50001 DROP VIEW IF EXISTS `vpurchasing` */;

/*!50001 CREATE ALGORITHM=UNDEFINED DEFINER=`root`@`localhost` SQL SECURITY DEFINER VIEW `vpurchasing` AS (select `purchasing`.`id_purchasing` AS `id_purchasing`,`purchasing`.`id_karyawan` AS `id_karyawan`,`karyawan`.`nama_karyawan` AS `nama_karyawan`,`purchasing`.`id_supplier` AS `id_supplier`,`supplier`.`nama_supplier` AS `nama_supplier`,`purchasing`.`minggu` AS `minggu`,`purchasing`.`tgl_pengajuan` AS `tgl_pengajuan`,`purchasing`.`tgl_pemesanan` AS `tgl_pemesanan`,`purchasing`.`tgl_penerimaan` AS `tgl_penerimaan`,`purchasing`.`no_faktur` AS `no_faktur`,`purchasing`.`catatan` AS `catatan`,`purchasing`.`status` AS `status`,`purchasing`.`total` AS `total` from ((`purchasing` join `supplier` on((`purchasing`.`id_supplier` = `supplier`.`id_supplier`))) join `karyawan` on((`purchasing`.`id_karyawan` = `karyawan`.`id_karyawan`)))) */;

/*View structure for view vsurat_jalan */

/*!50001 DROP TABLE IF EXISTS `vsurat_jalan` */;
/*!50001 DROP VIEW IF EXISTS `vsurat_jalan` */;

/*!50001 CREATE ALGORITHM=UNDEFINED DEFINER=`root`@`localhost` SQL SECURITY DEFINER VIEW `vsurat_jalan` AS (select `barang`.`nama_barang` AS `nama_barang`,`detail_penjualan`.`jumlah` AS `jumlah`,`barang`.`satuan` AS `satuan`,`barang`.`harga_jual` AS `harga_jual`,`penjualan`.`id_penjualan` AS `id_penjualan`,`penjualan`.`id_pengiriman` AS `id_pengiriman`,`pelanggan`.`nama_pelanggan` AS `nama_pelanggan`,`pelanggan`.`alamat` AS `alamat`,`pengiriman`.`no_kendaraan` AS `no_kendaraan`,`driver`.`nama_driver` AS `nama_driver`,`pengiriman`.`tgl_pengiriman` AS `tgl_pengiriman` from (((((`penjualan` join `detail_penjualan` on((`penjualan`.`id_penjualan` = `detail_penjualan`.`id_penjualan`))) join `barang` on((`detail_penjualan`.`id_barang` = `barang`.`id_barang`))) join `pelanggan` on((`penjualan`.`id_pelanggan` = `pelanggan`.`id_pelanggan`))) join `pengiriman` on((`penjualan`.`id_pengiriman` = `pengiriman`.`id_pengiriman`))) join `driver` on((`pengiriman`.`id_driver` = `driver`.`id_driver`)))) */;

/*!40101 SET SQL_MODE=@OLD_SQL_MODE */;
/*!40014 SET FOREIGN_KEY_CHECKS=@OLD_FOREIGN_KEY_CHECKS */;
/*!40014 SET UNIQUE_CHECKS=@OLD_UNIQUE_CHECKS */;
/*!40111 SET SQL_NOTES=@OLD_SQL_NOTES */;
